type,amount,oldbalanceOrg,newbalanceOrig,oldbalanceDest,newbalanceDest,isFraud
PAYMENT,9839.64,170136,160296.36,0,0,0
PAYMENT,1864.28,21249,19384.72,0,0,0
PAYMENT,11668.14,41554,29885.86,0,0,0
PAYMENT,7817.71,53860,46042.29,0,0,0
PAYMENT,7107.77,183195,176087.23,0,0,0
PAYMENT,7861.64,176087.23,168225.59,0,0,0
PAYMENT,4024.36,2671,0,0,0,0
DEBIT,5337.77,41720,36382.23,41898,40348.79,0
DEBIT,9644.94,4465,0,10845,157982.12,0
PAYMENT,3099.97,20771,17671.03,0,0,0
PAYMENT,2560.74,5070,2509.26,0,0,0
PAYMENT,11633.76,10127,0,0,0,0
PAYMENT,4098.78,503264,499165.22,0,0,0
CASH_OUT,229133.94,15325,0,5083,51513.44,0
PAYMENT,1563.82,450,0,0,0,0
PAYMENT,1157.86,21156,19998.14,0,0,0
PAYMENT,671.64,15123,14451.36,0,0,0
TRANSFER,215310.3,705,0,22425,0,0
PAYMENT,1373.43,13854,12480.57,0,0,0
DEBIT,9302.79,11299,1996.21,29832,16896.7,0
DEBIT,1065.41,1817,751.59,10330,0,0
PAYMENT,3876.41,67852,63975.59,0,0,0
TRANSFER,311685.89,10835,0,6267,2719172.89,0
PAYMENT,6061.13,443,0,0,0,0
PAYMENT,9478.39,116494,107015.61,0,0,0
PAYMENT,8009.09,10968,2958.91,0,0,0
PAYMENT,8901.99,2958.91,0,0,0,0
PAYMENT,9920.52,0,0,0,0,0
PAYMENT,3448.92,0,0,0,0,0
PAYMENT,4206.84,0,0,0,0,0
PAYMENT,5885.56,0,0,0,0,0
PAYMENT,5307.88,0,0,0,0,0
PAYMENT,5031.22,0,0,0,0,0
PAYMENT,24213.67,0,0,0,0,0
PAYMENT,8603.42,253,0,0,0,0
PAYMENT,2791.42,300481,297689.58,0,0,0
PAYMENT,7413.54,297689.58,290276.03,0,0,0
PAYMENT,3295.19,233633,230337.81,0,0,0
PAYMENT,1684.81,297,0,0,0,0
DEBIT,5758.59,32604,26845.41,209699,16997.22,0
CASH_OUT,110414.71,26845.41,0,288800,2415.16,0
PAYMENT,7823.46,998,0,0,0,0
PAYMENT,5086.48,0,0,0,0,0
PAYMENT,5281.48,152019,146737.52,0,0,0
PAYMENT,13875.98,15818,1942.02,0,0,0
CASH_OUT,56953.9,1942.02,0,70253,64106.18,0
CASH_OUT,5346.89,0,0,652637,6453430.91,0
PAYMENT,2204.04,586,0,0,0,0
PAYMENT,2641.47,23053,20411.53,0,0,0
CASH_OUT,23261.3,20411.53,0,25742,0,0
PAYMENT,2330.64,203543,201212.36,0,0,0
PAYMENT,1614.64,41276,39661.36,0,0,0
PAYMENT,9164.71,47235.77,38071.06,0,0,0
PAYMENT,2970.97,38071.06,35100.09,0,0,0
PAYMENT,38.66,16174,16135.34,0,0,0
PAYMENT,2252.44,1627,0,0,0,0
TRANSFER,62610.8,79114,16503.2,517,8383.29,0
DEBIT,5529.13,8547,3017.87,10206,0,0
CASH_OUT,82940.31,3017.87,0,132372,49864.36,0
DEBIT,4510.22,10256,5745.78,10697,0,0
DEBIT,8727.74,882770,874042.26,12636,0,0
PAYMENT,2599.46,874042.26,871442.79,0,0,0
DEBIT,4874.49,153,0,253104,0,0
PAYMENT,6440.78,2192,0,0,0,0
PAYMENT,4910.14,41551,36640.86,0,0,0
PAYMENT,6444.64,12019,5574.36,0,0,0
DEBIT,5149.66,4782,0,52752,24044.18,0
PAYMENT,7292.16,216827,209534.84,0,0,0
CASH_OUT,47458.86,209534.84,162075.98,52120,0,0
CASH_OUT,136872.92,162075.98,25203.05,217806,0,0
CASH_OUT,94253.33,25203.05,0,99773,965870.05,0
PAYMENT,2998.04,12030,9031.96,0,0,0
PAYMENT,3454.08,9031.96,5577.88,0,0,0
PAYMENT,4316.2,10999,6682.8,0,0,0
PAYMENT,2131.84,224,0,0,0,0
PAYMENT,12986.61,23350,10363.39,0,0,0
TRANSFER,42712.39,10363.39,0,57901.66,24044.18,0
TRANSFER,77957.68,0,0,94900,22233.65,0
TRANSFER,17231.46,0,0,24672,0,0
TRANSFER,78766.03,0,0,103772,277515.05,0
TRANSFER,224606.64,0,0,354678.92,0,0
TRANSFER,125872.53,0,0,348512,3420103.09,0
TRANSFER,379856.23,0,0,900180,1.916920493E7,0
TRANSFER,1505626.01,0,0,29031,5515763.34,0
TRANSFER,554026.99,0,0,579285.56,0,0
TRANSFER,147543.1,0,0,223220,16518.36,0
TRANSFER,761507.39,0,0,1280036.23,1.916920493E7,0
TRANSFER,1429051.47,0,0,2041543.62,1.916920493E7,0
TRANSFER,358831.92,0,0,474384.53,3420103.09,0
TRANSFER,367768.4,0,0,370763.1,16518.36,0
TRANSFER,209711.11,0,0,399214.71,2415.16,0
TRANSFER,583848.46,0,0,667778,2107778.11,0
TRANSFER,1724887.05,0,0,3470595.1,1.916920493E7,0
TRANSFER,710544.77,0,0,738531.5,16518.36,0
TRANSFER,581294.26,0,0,5195482.15,1.916920493E7,0
TRANSFER,11996.58,0,0,40255,0,0
PAYMENT,2875.1,15443,12567.9,0,0,0
PAYMENT,8586.98,3763,0,0,0,0
PAYMENT,871.75,19869,18997.25,0,0,0
PAYMENT,1035.36,71636,70600.64,0,0,0
PAYMENT,1063.53,83084,82020.47,0,0,0
PAYMENT,1019.9,204237,203217.1,0,0,0
PAYMENT,4059.38,26304,22244.62,0,0,0
PAYMENT,1876.44,182,0,0,0,0
CASH_OUT,28404.6,0,0,51744,0,0
CASH_OUT,75405.1,0,0,104209,46462.23,0
CASH_OUT,50101.88,0,0,67684,9940339.29,0
CASH_OUT,14121.82,0,0,52679,10963.66,0
CASH_OUT,78292.91,0,0,121112,95508.95,0
CASH_OUT,176149.9,0,0,259813,46820.71,0
CASH_OUT,212228.35,0,0,429747,1178808.14,0
CASH_OUT,85423.63,0,0,5776776.41,1.916920493E7,0
CASH_OUT,11648.5,0,0,260976,971418.91,0
PAYMENT,6165.58,20925,14759.42,0,0,0
PAYMENT,3705.83,41903.46,38197.63,0,0,0
CASH_OUT,419801.4,38197.63,0,499962,1517262.16,0
CASH_OUT,335416.51,144478,0,295,52415.15,0
PAYMENT,3372.29,41398,38025.71,0,0,0
PAYMENT,661.43,14078,13416.57,0,0,0
DEBIT,864.68,69836,68971.32,12040,43691.09,0
PAYMENT,1203.44,29941,28737.56,0,0,0
TRANSFER,330757.04,103657,0,79676,1254956.07,0
PAYMENT,1915.43,11450,9534.57,0,0,0
PAYMENT,8.73,81313,81304.27,0,0,0
DEBIT,3058.8,18138,15079.2,11054,8917.54,0
PAYMENT,5154.97,9476,4321.03,0,0,0
PAYMENT,5213.25,36380,31166.75,0,0,0
PAYMENT,5392.75,50757,45364.25,0,0,0
PAYMENT,25.12,61663,61637.88,0,0,0
PAYMENT,17150.89,61637.88,44486.99,0,0,0
TRANSFER,679502.24,290,0,171866,3940085.21,0
TRANSFER,177652.91,23720,0,55,4894.45,0
PAYMENT,5443.26,236997,231553.74,0,0,0
PAYMENT,244.87,257978.49,257733.62,0,0,0
PAYMENT,8281.57,257733.62,249452.05,0,0,0
PAYMENT,1175.59,20509,19333.41,0,0,0
PAYMENT,1097.74,24866,23768.26,0,0,0
TRANSFER,184986.8,39588,0,52340,97263.78,0
PAYMENT,1718.29,117811,116092.71,0,0,0
PAYMENT,3671.32,100094,96422.68,0,0,0
DEBIT,3580.26,2565,0,21185,18910.85,0
PAYMENT,8550.9,40060,31509.1,0,0,0
PAYMENT,9753.55,60829,51075.45,0,0,0
PAYMENT,3026.98,31139,28112.02,0,0,0
CASH_OUT,467177.03,28112.02,0,975121,22190.99,0
DEBIT,3875.99,259138,255262.01,608925.82,2415.16,0
PAYMENT,2148.89,31213,29064.11,0,0,0
PAYMENT,466.97,80030,79563.03,0,0,0
CASH_OUT,154139.72,79563.03,0,410433.04,1254956.07,0
CASH_OUT,82685.93,0,0,833216.44,3420103.09,0
CASH_OUT,83857.23,0,0,215457.59,16997.22,0
CASH_OUT,99109.77,0,0,299314.82,16997.22,0
CASH_OUT,187726.67,0,0,190573,1567434.81,0
CASH_OUT,281339.92,0,0,612801.81,2415.16,0
CASH_OUT,186447.51,0,0,5862200.03,1.916920493E7,0
CASH_OUT,81029.86,0,0,105343,8496.61,0
CASH_OUT,139054.95,0,0,182538.03,277515.05,0
CASH_OUT,154716.2,0,0,187433,3461666.05,0
CASH_OUT,53631.83,0,0,83244,0,0
CASH_OUT,289645.52,0,0,871442.79,1412484.09,0
CASH_OUT,267148.82,0,0,641975.35,1178808.14,0
CASH_OUT,47913.58,0,0,51304,0,0
CASH_OUT,193605.38,0,0,249452.05,0,0
CASH_OUT,344464.4,0,0,1133312.56,0,0
CASH_OUT,169409.87,0,0,909124.16,1178808.14,0
CASH_OUT,25793.74,0,0,215312.31,49864.36,0
CASH_OUT,114712.48,0,0,145400,0,0
CASH_OUT,89038.75,0,0,189808,1186556.81,0
CASH_OUT,1341.58,0,0,80341,557537.26,0
CASH_OUT,44443.08,0,0,6048647.54,1.916920493E7,0
CASH_OUT,34729.64,0,0,44853,96.88,0
CASH_OUT,105979.34,0,0,435962.9,46820.71,0
CASH_OUT,57794.61,0,0,99217.58,0,0
CASH_OUT,15918.79,0,0,24553,0,0
CASH_OUT,19162.08,0,0,60169,215851.28,0
CASH_OUT,220691.42,0,0,6093090.62,1.916920493E7,0
CASH_OUT,9536.54,0,0,49161,130747.56,0
CASH_OUT,29784.06,0,0,63553,0,0
CASH_OUT,190445.51,0,0,203679,2107965.39,0
CASH_OUT,57279.11,0,0,127206.9,64106.18,0
CASH_OUT,112086.81,0,0,292728,55974.56,0
CASH_OUT,80311.89,0,0,87408,63112.23,0
CASH_OUT,151829.91,0,0,1161088.31,1412484.09,0
CASH_OUT,26004.52,0,0,52251.58,0,0
CASH_OUT,3146.16,0,0,9471,593737.38,0
CASH_OUT,296752.75,0,0,404814.81,55974.56,0
CASH_OUT,191702.06,0,0,272624.5,971418.91,0
CASH_OUT,365510.05,0,0,564572.76,1254956.07,0
CASH_OUT,202332.08,0,0,342149.2,3461666.05,0
CASH_OUT,55105.9,0,0,317952.89,2719172.89,0
CASH_OUT,171508.59,0,0,443057.43,0,0
CASH_OUT,178439.26,0,0,278846.75,1186556.81,0
CASH_OUT,88834.86,0,0,464326.57,971418.91,0
CASH_OUT,210370.09,0,0,1442298.03,22190.99,0
CASH_OUT,36437.06,0,0,154606,1363368.51,0
CASH_OUT,82691.56,0,0,657983.89,6453430.91,0
CASH_OUT,338767.1,0,0,544481.28,3461666.05,0
CASH_OUT,187728.59,0,0,394124.51,2107965.39,0
CASH_OUT,271002.7,0,0,851368.24,3940085.21,0
CASH_OUT,323105.08,0,0,378299.67,1567434.81,0
CASH_OUT,10782.94,0,0,100585,0,0
CASH_OUT,89962.11,0,0,157012.19,0,0
CASH_OUT,101940.14,0,0,105362,92307.65,0
CASH_OUT,163100.34,0,0,1078534.03,1178808.14,0
CASH_OUT,136030.66,0,0,136875.83,0,0
CASH_OUT,68912.23,0,0,237326.8,97263.78,0
CASH_OUT,73464.06,0,0,444779,4619798.56,0
CASH_OUT,106117.28,0,0,234216.94,51513.44,0
CASH_OUT,503333.79,0,0,553161.42,971418.91,0
CASH_OUT,71991.42,0,0,81682.58,557537.26,0
CASH_OUT,91379.93,0,0,1241634.38,1178808.14,0
CASH_OUT,26759.05,0,0,581853.1,2107965.39,0
CASH_OUT,128487.35,0,0,701404.75,1567434.81,0
CASH_OUT,252908.87,0,0,919763.4,1517262.16,0
CASH_OUT,64489.64,0,0,398424.59,16997.22,0
CASH_OUT,171369.73,0,0,1122370.94,3940085.21,0
PAYMENT,4493.29,8258,3764.71,0,0,0
PAYMENT,12121.5,97058,84936.5,0,0,0
PAYMENT,2278.19,290,0,0,0,0
PAYMENT,7707.44,99827,92119.56,0,0,0
PAYMENT,4013.02,92119.56,88106.55,0,0,0
PAYMENT,5775.15,132329,126553.85,0,0,0
PAYMENT,4843.93,51718,46874.07,0,0,0
PAYMENT,2397.82,20421,18023.18,0,0,0
PAYMENT,4391.44,228,0,0,0,0
DEBIT,4497.87,107388,102890.13,19053,5417.23,0
PAYMENT,7452.89,102397,94944.11,0,0,0
PAYMENT,3930.81,6032,2101.19,0,0,0
CASH_OUT,71532.24,2101.19,0,74956,97128.19,0
CASH_OUT,61159.51,0,0,340334.22,51513.44,0
CASH_OUT,12401.9,0,0,349763,0,0
CASH_OUT,32702.61,0,0,253053,31469.78,0
PAYMENT,6926.67,152927,146000.33,0,0,0
PAYMENT,893.57,10676,9782.43,0,0,0
TRANSFER,480222.51,11110,0,1293740.67,3940085.21,0
PAYMENT,3608.41,11150,7541.59,0,0,0
PAYMENT,5946.79,7541.59,1594.8,0,0,0
PAYMENT,6099.96,42133,36033.04,0,0,0
PAYMENT,372.34,65254,64881.66,0,0,0
PAYMENT,4635.18,6313782.05,6309146.87,0,0,0
PAYMENT,1267.97,6309146.87,6307878.9,0,0,0
PAYMENT,6911.99,6307878.9,6300966.92,0,0,0
PAYMENT,1795.67,6300966.92,6299171.25,0,0,0
PAYMENT,3199.06,6299171.25,6295972.18,0,0,0
PAYMENT,10265.17,6295972.18,6285707.02,0,0,0
PAYMENT,9029.12,25480,16450.88,0,0,0
PAYMENT,7600.57,50747,43146.43,0,0,0
PAYMENT,2057.71,25132,23074.29,0,0,0
PAYMENT,3823.08,10382,6558.92,0,0,0
PAYMENT,6737.2,624,0,0,0,0
PAYMENT,9161.98,11128,1966.02,0,0,0
PAYMENT,1239.06,396386,395146.94,0,0,0
PAYMENT,365,319,0,0,0,0
PAYMENT,5237.54,27105,21867.46,0,0,0
PAYMENT,2618.76,21867.46,19248.7,0,0,0
PAYMENT,339.82,12076,11736.18,0,0,0
DEBIT,1393.46,100068,98674.54,26446,318637.36,0
PAYMENT,2731.37,17540,14808.63,0,0,0
PAYMENT,8364.73,81,0,0,0,0
PAYMENT,6598.71,16392,9793.29,0,0,0
PAYMENT,4304.58,10708,6403.42,0,0,0
PAYMENT,2867.14,943,0,0,0,0
PAYMENT,2946.38,0,0,0,0,0
PAYMENT,507.12,87005,86497.88,0,0,0
PAYMENT,3020.86,50361,47340.14,0,0,0
PAYMENT,8948.03,11137,2188.97,0,0,0
CASH_OUT,280877.92,2188.97,0,462914.23,16997.22,0
PAYMENT,1084.9,13727,12642.1,0,0,0
PAYMENT,9456.69,12642.1,3185.41,0,0,0
PAYMENT,5812.36,3185.41,0,0,0,0
TRANSFER,157883.07,46547,0,72793,353532.56,0
PAYMENT,2734.77,4511,1776.23,0,0,0
CASH_OUT,102153.86,1776.23,0,230676.07,353532.56,0
PAYMENT,584.52,15479,14894.48,0,0,0
PAYMENT,6113.14,15629,9515.86,0,0,0
CASH_OUT,369989.2,9515.86,0,518243.06,4619798.56,0
CASH_OUT,215338.28,0,0,285755.61,31469.78,0
CASH_OUT,65521.42,0,0,93337.06,0,0
CASH_OUT,116977.58,0,0,191043.06,1363368.51,0
CASH_OUT,262392.36,0,0,457286.01,1186556.81,0
CASH_OUT,51121.05,0,0,308020.64,1363368.51,0
CASH_OUT,202624.59,0,0,1056495.21,971418.91,0
CASH_OUT,118235.16,0,0,332829.93,353532.56,0
CASH_OUT,118056.71,0,0,272906.49,0,0
CASH_OUT,498960.91,0,0,608612.15,2107965.39,0
CASH_OUT,691738.36,0,0,6285707.02,1.916920493E7,0
CASH_OUT,58820.08,0,0,1107573.06,2107965.39,0
PAYMENT,4419.04,52951,48531.96,0,0,0
PAYMENT,4270.02,9516,5245.98,0,0,0
PAYMENT,3007.83,49905,46897.17,0,0,0
PAYMENT,1824.59,25138,23313.41,0,0,0
PAYMENT,993.46,19448,18454.54,0,0,0
CASH_OUT,302693.14,18454.54,0,306239.03,97263.78,0
PAYMENT,1445.06,10892,9446.94,0,0,0
PAYMENT,4059.25,4186,126.75,0,0,0
PAYMENT,3417.18,126.75,0,0,0,0
DEBIT,3428.95,147798,144369.05,1534657.01,5515763.34,0
PAYMENT,5580.98,7781,2200.02,0,0,0
DEBIT,3455.85,3509,53.15,1333014.31,1178808.14,0
PAYMENT,7265.63,14508,7242.37,0,0,0
PAYMENT,3852.64,1449076.27,1445223.63,0,0,0
PAYMENT,7870.29,1445223.63,1437353.34,0,0,0
DEBIT,12872.92,11197,0,51885,0,0
PAYMENT,6675.34,10107,3431.66,0,0,0
CASH_OUT,410201.89,21448,0,61613,424250.45,0
PAYMENT,13310.78,0,0,0,0,0
PAYMENT,664.35,102983,102318.65,0,0,0
PAYMENT,2130.3,10958,8827.7,0,0,0
PAYMENT,7771.4,8827.7,1056.3,0,0,0
PAYMENT,36349.35,1056.3,0,0,0,0
PAYMENT,749.34,0,0,0,0,0
PAYMENT,2340.34,0,0,0,0,0
PAYMENT,9686.85,0,0,0,0,0
PAYMENT,15785.85,0,0,0,0,0
PAYMENT,9006.78,0,0,0,0,0
PAYMENT,9014.95,0,0,0,0,0
PAYMENT,14420.66,0,0,0,0,0
PAYMENT,4802.31,0,0,0,0,0
PAYMENT,28527.44,0,0,0,0,0
PAYMENT,4182.93,0,0,0,0,0
PAYMENT,4088.21,0,0,0,0,0
PAYMENT,8491.9,0,0,0,0,0
DEBIT,6666.78,11876,5209.22,24777,189534.74,0
PAYMENT,6536.86,17319,10782.14,0,0,0
CASH_OUT,40684.97,10782.14,0,49530,66575.5,0
PAYMENT,1553.21,31516,29962.79,0,0,0
DEBIT,7344.92,0,0,185432,0,0
CASH_OUT,106267.21,0,0,241106.05,49864.36,0
PAYMENT,5491.5,36605,31113.5,0,0,0
PAYMENT,3666.42,48117,44450.58,0,0,0
PAYMENT,5507.18,36030,30522.82,0,0,0
DEBIT,4565.14,30265,25699.86,829892.09,1567434.81,0
PAYMENT,11348.71,734899,723550.29,0,0,0
TRANSFER,123179.97,7215,0,12904.68,43691.09,0
PAYMENT,7073.6,0,0,0,0,0
PAYMENT,2803.83,0,0,0,0,0
PAYMENT,106.81,0,0,0,0,0
PAYMENT,6297.71,762,0,0,0,0
PAYMENT,2610.01,58697.54,56087.54,0,0,0
PAYMENT,5320.1,56087.54,50767.43,0,0,0
PAYMENT,1460.63,1132,0,0,0,0
TRANSFER,522264.81,24,0,11361,2025098.66,0
DEBIT,3584.21,135496,131911.79,100614.05,24044.18,0
PAYMENT,3704.97,24553,20848.03,0,0,0
PAYMENT,2773.61,14332,11558.39,0,0,0
PAYMENT,3896.42,11558.39,7661.97,0,0,0
PAYMENT,18781.84,7661.97,0,0,0,0
PAYMENT,6660.33,17710,11049.67,0,0,0
TRANSFER,26923.42,11049.67,0,199404.91,95508.95,0
TRANSFER,53783.57,0,0,75514,420946.86,0
TRANSFER,80333.28,0,0,321592.98,277515.05,0
TRANSFER,211075.91,0,0,930082.81,1254956.07,0
TRANSFER,100677.86,0,0,701567.56,55974.56,0
TRANSFER,473499.51,0,0,883248.39,3461666.05,0
TRANSFER,1538200.39,0,0,6977445.38,1.916920493E7,0
TRANSFER,2421578.09,0,0,8515645.77,1.916920493E7,0
TRANSFER,1349670.68,0,0,1538085.96,5515763.34,0
TRANSFER,314403.14,0,0,888232.25,4619798.56,0
TRANSFER,1457213.54,0,0,1.093722386E7,1.916920493E7,0
TRANSFER,180368.84,0,0,1437353.34,16518.36,0
TRANSFER,445038.71,0,0,802245.42,55974.56,0
TRANSFER,1123206.66,0,0,1773963.18,3940085.21,0
DEBIT,996,46132,45136,88106.55,1015132.48,0
TRANSFER,176334.26,45136,0,1251626.46,2107778.11,0
TRANSFER,161217.61,0,0,199733,5602234.95,0
TRANSFER,108443.61,0,0,246974.3,0,0
TRANSFER,75442.68,0,0,80469,500631.71,0
TRANSFER,55536.86,0,0,915902.37,3420103.09,0
TRANSFER,438437.09,0,0,740675.45,6453430.91,0
TRANSFER,928722.69,0,0,1259119.8,971418.91,0
TRANSFER,1478772.04,0,0,1652668.12,22190.99,0
TRANSFER,2545478.01,0,0,1.23944374E7,1.916920493E7,0
TRANSFER,2061082.82,0,0,1.493991542E7,1.916920493E7,0
TRANSFER,983479.66,0,0,3131440.16,22190.99,0
TRANSFER,635507.97,0,0,834457.23,1567434.81,0
TRANSFER,848231.57,0,0,4114919.82,22190.99,0
TRANSFER,739112.93,0,0,1141158.73,1254956.07,0
TRANSFER,324397.94,0,0,373058.79,2719172.89,0
TRANSFER,982862.81,0,0,2187842.49,971418.91,0
TRANSFER,955855,0,0,1179112.54,6453430.91,0
TRANSFER,179253.24,0,0,179614.1,46462.23,0
PAYMENT,5446.88,666,0,0,0,0
PAYMENT,648.64,873,224.36,0,0,0
PAYMENT,8494.71,11129,2634.29,0,0,0
CASH_OUT,373068.26,20034,0,1427960.73,2107778.11,0
CASH_IN,143236.26,0,143236.26,608932.17,97263.78,0
CASH_IN,228451.89,143236.26,371688.15,719678.38,1186556.81,0
CASH_IN,35902.49,371688.15,407590.65,49003.3,0,0
CASH_IN,232953.64,407590.65,640544.28,1172672.27,1517262.16,0
CASH_IN,65912.95,640544.28,706457.23,104198.26,24044.18,0
CASH_IN,193492.68,706457.23,899949.91,1247284.13,55974.56,0
CASH_IN,60836.64,899949.91,960786.56,143436,5203.54,0
CASH_IN,62325.15,960786.56,1023111.71,1880271.66,1254956.07,0
CASH_IN,349640.51,1023111.71,1372752.22,360950.61,5602234.95,0
CASH_IN,135324.19,1372752.22,1508076.41,1356747.89,3461666.05,0
CASH_IN,380015.14,1508076.41,1888091.55,1336470.16,1178808.14,0
CASH_IN,418688.27,1888091.55,2306779.82,956455.03,1178808.14,0
CASH_IN,311023.52,2306779.82,2617803.34,1477776.96,0,0
CASH_IN,151862.38,2617803.34,2769665.72,158858.48,0,0
CASH_IN,228710.05,2769665.72,2998375.78,743792.14,16997.22,0
CASH_IN,220431.09,2998375.78,3218806.87,2897169.84,3940085.21,0
CASH_IN,182861.45,3218806.87,3401668.32,192776.92,0,0
CASH_IN,231881.5,3401668.32,3633549.82,894141.72,2415.16,0
CASH_IN,38071.17,3633549.82,3671620.98,122487,54985.05,0
CASH_IN,87117.29,3671620.98,3758738.27,501093.89,31469.78,0
CASH_IN,114271.72,3758738.27,3873009.99,3170705.3,971418.91,0
CASH_IN,73199.1,3873009.99,3946209.08,401926.25,277515.05,0
CASH_IN,764772.98,3946209.08,4710982.07,3056433.58,971418.91,0
CASH_IN,106847.36,4710982.07,4817829.42,335711.51,52415.15,0
CASH_IN,6287.28,4817829.42,4824116.71,11274,0,0
CASH_IN,24936.34,4824116.71,4849053.05,104408,42450.71,0
CASH_IN,55837.16,4849053.05,4904890.21,66800.82,10963.66,0
CASH_IN,63255.29,4904890.21,4968145.5,237735.3,0,0
CASH_IN,104605.78,4968145.5,5072751.28,207302.14,92307.65,0
CASH_IN,154160.82,5072751.28,5226912.1,157376,0,0
CASH_IN,257348.03,5226912.1,5484260.13,2291660.6,971418.91,0
CASH_IN,201073.81,5484260.13,5685333.94,537766.76,1178808.14,0
CASH_IN,53560.68,5685333.94,5738894.62,172857.68,22233.65,0
CASH_IN,334234.39,5738894.62,6073129.01,358867.35,46462.23,0
CASH_IN,227335.16,6073129.01,6300464.17,1817946.5,1254956.07,0
CASH_IN,134426.08,6300464.17,6434890.26,228864.16,52415.15,0
CASH_IN,2643.45,6434890.26,6437533.71,49974,1891.79,0
CASH_IN,134977.11,6437533.71,6572510.82,471814.89,424250.45,0
CASH_IN,25090.03,6572510.82,6597600.85,80148.6,0,0
CASH_IN,147388.67,6597600.85,6744989.53,184486.01,64106.18,0
CASH_IN,217615.09,6744989.53,6962604.61,971439.24,3420103.09,0
CASH_IN,355294.5,6962604.61,7317899.11,1469965.2,1567434.81,0
CASH_IN,12336.48,7317899.11,7330235.59,21024,83845.22,0
CASH_IN,349505.89,7330235.59,7679741.48,1.700099823E7,1.916920493E7,0
CASH_IN,285185.34,7679741.48,7964926.82,451065.09,353532.56,0
CASH_IN,132953.45,7964926.82,8097880.27,1617722.17,16518.36,0
CASH_IN,214851.41,8097880.27,8312731.68,939718.63,1517262.16,0
CASH_IN,54988.56,8312731.68,8367720.25,60870,1.058888527E7,0
CASH_IN,62871.06,8367720.25,8430591.3,177707.91,4894.45,0
CASH_IN,61150.85,8430591.3,8491742.16,1166393.13,2107965.39,0
CASH_IN,131409.27,8491742.16,8623151.43,290276.03,265092.36,0
CASH_IN,10844.33,8623151.43,8633995.76,42274,290772.6,0
PAYMENT,2054.84,22195,20140.16,0,0,0
CASH_IN,313373.56,20140.16,333513.72,2034312.57,971418.91,0
CASH_IN,13289.87,333513.72,346803.59,78256.1,0,0
CASH_IN,27070.11,346803.59,373873.7,70595,122750.49,0
CASH_IN,127954.7,373873.7,501828.4,1590611.34,1254956.07,0
CASH_IN,197031.04,501828.4,698859.44,515082.09,16997.22,0
CASH_IN,144366.64,698859.44,843226.08,1720939.01,971418.91,0
CASH_IN,7965.49,843226.08,851191.57,35100.09,40348.79,0
CASH_IN,123103.74,851191.57,974295.31,541942.24,46820.71,0
CASH_IN,106634.77,974295.31,1080930.07,4963151.39,22190.99,0
CASH_IN,74933.22,1080930.07,1155863.3,1312918.22,1412484.09,0
CASH_IN,120234.99,1155863.3,1276098.29,194026.33,965870.05,0
CASH_IN,5763.99,1276098.29,1281862.28,24632.95,46462.23,0
CASH_IN,156922.36,1281862.28,1438784.65,2887756.64,5515763.34,0
CASH_IN,162665.98,1438784.65,1601450.63,362164.9,0,0
CASH_IN,110226.34,1601450.63,1601450.63,1601450.63,1.068123879E7,0
CASH_IN,142577.44,1601450.63,1744028.07,174480.01,0,0
CASH_IN,6915.38,1744028.07,1750943.45,49685,0,0
CASH_IN,157108.01,1750943.45,1908051.46,1576572.37,971418.91,0
CASH_IN,223555.14,1908051.46,2131606.6,1462656.64,1254956.07,0
CASH_IN,146331.12,2131606.6,2277937.72,1053791.45,55974.56,0
CASH_IN,141131.23,2277937.72,2419068.96,1419464.36,971418.91,0
CASH_IN,222711.47,2419068.96,2641780.43,1.665149234E7,1.916920493E7,0
CASH_IN,84980.31,2641780.43,2726760.74,165879.75,353532.56,0
CASH_IN,628719.07,2726760.74,3355479.81,1484768.73,16518.36,0
CASH_IN,79285.8,3355479.81,3434765.61,4856516.62,22190.99,0
CASH_IN,57809.81,3434765.61,3492575.42,59666,0,0
CASH_IN,75043.17,3492575.42,3567618.59,156547,0,0
CASH_IN,248196.92,3567618.59,3815815.51,318051.05,16997.22,0
CASH_IN,18851.44,3815815.51,3834666.95,47330.55,1891.79,0
CASH_IN,403418.39,3834666.95,4238085.34,1801028.99,2107778.11,0
CASH_IN,235564.81,4238085.34,4473650.15,2676738.75,3940085.21,0
CASH_IN,32325.24,4473650.15,4505975.39,158866.76,265092.36,0
CASH_IN,345347.7,4505975.39,4851323.08,355417.92,0,0
CASH_IN,355500.25,4851323.08,5206823.33,1166753.44,0,0
CASH_IN,103005.78,5206823.33,5309829.12,114836.85,4894.45,0
CASH_IN,108803.98,5309829.12,5418633.09,811253.19,0,0
CASH_IN,259753.27,5418633.09,5678386.36,260112.48,0,0
CASH_IN,234094.24,5678386.36,5912480.6,1278333.12,971418.91,0
CASH_IN,273305.73,5912480.6,6185786.33,1237985,1412484.09,0
CASH_IN,186838.95,6185786.33,6372625.28,418838.5,46820.71,0
CASH_IN,193161.04,6372625.28,6565786.32,2441173.94,3940085.21,0
CASH_IN,152823.85,6565786.32,6718610.17,1202635.39,4619798.56,0
CASH_IN,91457.82,6718610.17,6810067.99,662260.23,2415.16,0
CASH_IN,277807.48,6810067.99,7087875.47,907460.33,55974.56,0
CASH_IN,8679.13,7087875.47,7096554.61,94438.08,52415.15,0
CASH_IN,2099.59,7096554.61,7098654.2,40471.79,0,0
CASH_IN,221693.08,7098654.2,7320347.28,629652.85,55974.56,0
CASH_IN,206097.65,7320347.28,7526444.93,1239101.5,1254956.07,0
CASH_IN,22384.21,7526444.93,7548829.13,42211,387263.02,0
CASH_IN,73210.99,7548829.13,7622040.12,79582.64,96.88,0
CASH_IN,236747.6,7622040.12,7858787.73,390963.21,0,0
CASH_IN,6284.18,7858787.73,7865071.9,328727.16,277515.05,0
CASH_IN,100198.77,7865071.9,7965270.68,336837.78,424250.45,0
CASH_IN,160347.32,7965270.68,8125617.99,724867.22,1517262.16,0
CASH_IN,289272.75,8125617.99,8414890.75,413976.6,31469.78,0
CASH_IN,63189.26,8414890.75,8478080,101925,0,0
CASH_IN,196725.32,8478080,8674805.32,2248012.9,3940085.21,0
PAYMENT,5882.32,10252,4369.68,0,0,0
DEBIT,625.92,30165,29539.08,1042,0,0
PAYMENT,5937.72,21779,15841.28,0,0,0
PAYMENT,9796.29,274658,264861.71,0,0,0
PAYMENT,13449.95,11080,0,0,0,0
PAYMENT,4749.6,8038,3288.4,0,0,0
PAYMENT,6460.86,31009,24548.14,0,0,0
PAYMENT,3605.26,10120,6514.74,0,0,0
PAYMENT,624.61,52594,51969.39,0,0,0
PAYMENT,3854.92,9241,5386.08,0,0,0
TRANSFER,420532.33,5386.08,0,614566.02,0,0
PAYMENT,4402.86,4469,66.14,0,0,0
CASH_OUT,147804.02,66.14,0,158919,23508.22,0
PAYMENT,151.2,1904,1752.8,0,0,0
PAYMENT,58.21,14506,14447.79,0,0,0
PAYMENT,5936.82,741,0,0,0,0
CASH_OUT,145944.67,24376,0,222,46393.85,0
TRANSFER,7206.33,24932,17725.67,21308,18161.79,0
DEBIT,5581.55,530,0,55058.57,0,0
DEBIT,5853.21,5039,0,20018,4891090.56,0
PAYMENT,2528.1,5037,2508.9,0,0,0
PAYMENT,5655.17,9522,3866.83,0,0,0
PAYMENT,1456.09,101018,99561.91,0,0,0
PAYMENT,4252.82,5545,1292.18,0,0,0
TRANSFER,276460.62,595,0,1105242.28,2107965.39,0
PAYMENT,8811.67,30848,22036.33,0,0,0
PAYMENT,12666.68,891,0,0,0,0
CASH_OUT,95636.49,0,0,359141.7,1363368.51,0
CASH_OUT,195314.34,0,0,491226.48,1186556.81,0
PAYMENT,6049.09,1,0,0,0,0
PAYMENT,14306.8,0,0,0,0,0
PAYMENT,1117.34,35611,34493.66,0,0,0
DEBIT,3179.7,124703.85,121524.14,20767,0,0
PAYMENT,2880.68,121524.14,118643.46,0,0,0
PAYMENT,3060.54,118643.46,115582.92,0,0,0
PAYMENT,879.42,115582.92,114703.5,0,0,0
PAYMENT,3486.78,114703.5,111216.72,0,0,0
PAYMENT,21530.96,111216.72,89685.77,0,0,0
PAYMENT,2426.31,89685.77,87259.46,0,0,0
PAYMENT,5110.1,87259.46,82149.35,0,0,0
PAYMENT,207.75,82149.35,81941.6,0,0,0
PAYMENT,18437.04,81941.6,63504.55,0,0,0
PAYMENT,8690.69,63504.55,54813.86,0,0,0
PAYMENT,4946.03,54813.86,49867.83,0,0,0
PAYMENT,5432.09,49867.83,44435.75,0,0,0
PAYMENT,7649.41,44435.75,36786.34,0,0,0
PAYMENT,3943.17,36786.34,32843.16,0,0,0
PAYMENT,3101.33,32843.16,29741.84,0,0,0
TRANSFER,51719.13,882,0,59670,15375.37,0
PAYMENT,13465.91,0,0,0,0,0
PAYMENT,19561.05,0,0,0,0,0
PAYMENT,9762.28,129,0,0,0,0
PAYMENT,9778.81,18824,9045.19,0,0,0
CASH_OUT,562903.81,9045.19,0,564519.9,1517262.16,0
PAYMENT,5055.94,30295,25239.06,0,0,0
PAYMENT,2858.89,21820,18961.11,0,0,0
PAYMENT,8531.42,18961.11,10429.69,0,0,0
PAYMENT,84.22,25828,25743.78,0,0,0
CASH_OUT,227478.01,25743.78,0,1.642878087E7,1.916920493E7,0
PAYMENT,5033.02,23946.7,18913.68,0,0,0
TRANSFER,100588.8,18913.68,0,105223,0,0
PAYMENT,9374.72,21064,11689.28,0,0,0
PAYMENT,598.24,102631,102032.76,0,0,0
PAYMENT,4531.55,20125,15593.45,0,0,0
PAYMENT,2998.2,15593.45,12595.25,0,0,0
PAYMENT,9269.99,12595.25,3325.26,0,0,0
PAYMENT,1209.64,3325.26,2115.61,0,0,0
PAYMENT,1298.7,2115.61,816.91,0,0,0
PAYMENT,7797,816.91,0,0,0,0
PAYMENT,5831.03,0,0,0,0,0
PAYMENT,7067.9,0,0,0,0,0
PAYMENT,14895.51,0,0,0,0,0
PAYMENT,3316.21,0,0,0,0,0
PAYMENT,22276,0,0,0,0,0
PAYMENT,16505.51,0,0,0,0,0
PAYMENT,636.95,0,0,0,0,0
PAYMENT,2056.59,0,0,0,0,0
PAYMENT,704.74,0,0,0,0,0
PAYMENT,3222.32,0,0,0,0,0
PAYMENT,11889.61,0,0,0,0,0
PAYMENT,9491.89,0,0,0,0,0
PAYMENT,6131.21,0,0,0,0,0
PAYMENT,11938.61,0,0,0,0,0
PAYMENT,4233.45,0,0,0,0,0
PAYMENT,32643.79,0,0,0,0,0
PAYMENT,622.15,14112.8,13490.65,0,0,0
PAYMENT,4573.12,13490.65,8917.54,0,0,0
PAYMENT,6057.8,6996.1,938.3,0,0,0
PAYMENT,5770.32,938.3,0,0,0,0
PAYMENT,9152.97,0,0,0,0,0
DEBIT,12154.7,39699,27544.3,2051287.58,3940085.21,0
PAYMENT,8378.01,80899.44,72521.43,0,0,0
PAYMENT,9616.45,72521.43,62904.98,0,0,0
PAYMENT,2231.28,12998,10766.72,0,0,0
PAYMENT,4932.54,136555,131622.46,0,0,0
CASH_IN,65413.89,131622.46,197036.35,144605,0,0
CASH_IN,98560.08,197036.35,295596.43,167719.89,63112.23,0
CASH_IN,15054.61,295596.43,310651.04,33340,185389.8,0
CASH_IN,161632.16,310651.04,472283.2,1044238.89,971418.91,0
CASH_IN,47529.19,472283.2,519812.39,856049.65,16518.36,0
CASH_IN,9577.45,519812.39,529389.85,32204,22774.25,0
CASH_IN,414238.59,529389.85,943628.44,808520.46,16518.36,0
CASH_IN,89327.65,943628.44,1032956.09,2063442.28,3940085.21,0
CASH_IN,194900.16,1032956.09,1227856.25,8633995.76,1.249436715E7,0
CASH_IN,24470.43,1227856.25,1252326.68,1381702.9,2107965.39,0
CASH_IN,217668.38,1252326.68,1469995.06,347373.26,49864.36,0
CASH_IN,9067.51,1469995.06,1479062.57,306723.02,23508.22,0
CASH_IN,336827.91,1479062.57,1815890.48,401493.73,51513.44,0
CASH_IN,45317.95,1815890.48,1861208.43,99578.86,0,0
CASH_IN,230021.01,1861208.43,2091229.45,4777230.82,22190.99,0
CASH_IN,154578.28,2091229.45,2245807.73,1033003.86,1254956.07,0
CASH_IN,314134.01,2245807.73,2559941.74,570802.41,2415.16,0
CASH_IN,206405.92,2559941.74,2766347.65,1221423.7,3461666.05,0
CASH_IN,158995.29,2766347.65,2925342.94,8674805.32,1.068123879E7,0
CASH_IN,188238.54,2925342.94,3113581.47,702449.21,0,0
CASH_IN,21255.8,3113581.47,3134837.27,52109,0,0
CASH_IN,205955.77,3134837.27,3340793.04,465695.91,97263.78,0
CASH_IN,178370.36,3340793.04,3519163.4,1.665625888E7,1.916920493E7,0
CASH_IN,42547.96,3519163.4,3561711.36,59693,9672.67,0
CASH_IN,15152.15,3561711.36,3576863.51,8439095.6,1.249436715E7,0
CASH_IN,39249.67,3576863.51,3616113.18,64966.23,0,0
CASH_IN,101669.17,3616113.18,3717782.35,533625.81,2025098.66,0
CASH_IN,81694.11,3717782.35,3799476.47,686540.82,1186556.81,0
CASH_IN,10266.7,3799476.47,3809743.17,104323,69756.86,0
CASH_IN,35502.25,3809743.17,3845245.42,41159,0,0
CASH_IN,183250,3845245.42,4028495.42,231999.55,46820.71,0
CASH_IN,219220.21,4028495.42,4247715.63,1974114.63,3940085.21,0
CASH_IN,254895.5,4247715.63,4502611.13,256668.41,2415.16,0
CASH_IN,143148.97,4502611.13,4645760.1,4547209.8,22190.99,0
CASH_IN,132457.52,4645760.1,4778217.62,8423943.45,1.249436715E7,0
CASH_IN,148834.28,4778217.62,4927051.9,514210.68,0,0
CASH_IN,106727.81,4927051.9,5033779.71,2730834.27,5515763.34,0
CASH_IN,223123.71,5033779.71,5256903.42,394281.87,16518.36,0
CASH_IN,194311.34,5256903.42,5451214.77,1127423.71,1517262.16,0
CASH_IN,338964.91,5451214.77,5790179.68,365376.39,0,0
CASH_IN,247575.4,5790179.68,6037755.07,8291485.93,1.249436715E7,0
CASH_IN,29467.02,6037755.07,6067222.09,322442.98,277515.05,0
CASH_IN,90340.16,6067222.09,6157562.25,1.647788852E7,1.916920493E7,0
CASH_IN,198847.32,6157562.25,6356409.58,964679.26,1412484.09,0
CASH_IN,155075.41,6356409.58,6511484.99,1035098.36,0,0
CASH_IN,76932.89,6511484.99,6588417.88,765831.94,1412484.09,0
CASH_IN,92971.79,6588417.88,6681389.66,111367.94,0,0
CASH_IN,7322.98,6681389.66,6688712.64,64966,57643.02,0
CASH_IN,222126.95,6688712.64,6910839.59,1397610.6,2107778.11,0
CASH_IN,62983.91,6910839.59,6973823.5,454778.18,1363368.51,0
CASH_IN,1271.77,6973823.5,6975095.27,697456.73,2719172.89,0
CASH_IN,246816.65,6975095.27,7221911.92,933112.37,1517262.16,0
CASH_IN,21898.97,7221911.92,7243810.89,1114670.7,1567434.81,0
CASH_IN,30811.56,7243810.89,7274622.45,152178,651524.92,0
CASH_IN,100275.09,7274622.45,7374897.54,878425.58,1254956.07,0
CASH_IN,46630.53,7374897.54,7421528.07,604846.71,1186556.81,0
CASH_IN,158775.58,7421528.07,7580303.64,688899.05,1412484.09,0
CASH_IN,90556.08,7580303.64,7670859.72,186372.86,8496.61,0
CASH_IN,173948.89,7670859.72,7844808.61,391794.27,1363368.51,0
CASH_IN,66216.71,7844808.61,7911025.32,117785.88,9940339.29,0
CASH_IN,216133.99,7911025.32,8127159.31,1092771.73,1567434.81,0
CASH_IN,371883.82,8127159.31,8499043.13,880022.94,0,0
CASH_IN,770537.37,8499043.13,8499043.13,8499043.13,1.687464309E7,0
CASH_IN,71275.47,8499043.13,8570318.6,136084.66,43691.09,0
CASH_IN,336298.77,8570318.6,8906617.38,1049811.54,4619798.56,0
CASH_IN,317393.38,8906617.38,9224010.75,1175483.65,2107778.11,0
CASH_IN,181002.01,9224010.75,9405012.76,292975.96,277515.05,0
CASH_IN,311449.38,9405012.76,9716462.14,713512.77,4619798.56,0
CASH_IN,270824.42,9716462.14,9987286.56,8515810.04,1.068123879E7,0
PAYMENT,1449.03,80983,79533.97,0,0,0
PAYMENT,3551.48,1015017.79,1011466.31,0,0,0
CASH_OUT,227768.63,1011466.31,783697.68,530123.48,1412484.09,0
CASH_OUT,172986.7,783697.68,610710.98,686295.71,1517262.16,0
PAYMENT,4940.2,48005,43064.8,0,0,0
PAYMENT,2755.96,20987,18231.04,0,0,0
DEBIT,8807.01,139428,130620.99,64809.18,43691.09,0
DEBIT,3111.86,64665.82,61553.96,10070.22,0,0
PAYMENT,10040.52,61553.96,51513.44,0,0,0
DEBIT,5363,21260,15897,24765.26,18910.85,0
PAYMENT,11990.19,885,0,0,0,0
PAYMENT,266.88,4182,3915.12,0,0,0
PAYMENT,1928.55,5096,3167.45,0,0,0
PAYMENT,10648.06,37419,26770.94,0,0,0
PAYMENT,962.43,26770.94,25808.5,0,0,0
PAYMENT,8348.1,16583,8234.9,0,0,0
PAYMENT,6969.67,61091,54121.33,0,0,0
PAYMENT,154.87,9339,9184.13,0,0,0
DEBIT,4040.84,1938,0,51339,36757.68,0
PAYMENT,6490.17,548504,542013.83,0,0,0
PAYMENT,1101.09,30858,29756.91,0,0,0
DEBIT,4347.78,20766,16418.22,407959.76,55974.56,0
CASH_OUT,213922.13,16418.22,0,431956.63,2025098.66,0
CASH_OUT,83859.59,0,0,1.638754836E7,1.916920493E7,0
CASH_OUT,33269.25,0,0,111389.13,15375.37,0
CASH_OUT,51749.94,0,0,62470,132842.64,0
CASH_OUT,86410.3,0,0,757892.11,1412484.09,0
CASH_OUT,10856.63,0,0,217845.38,1363368.51,0
CASH_OUT,161613.93,0,0,402063.39,4619798.56,0
CASH_OUT,244361.81,0,0,859282.41,1517262.16,0
CASH_OUT,596617.87,0,0,645878.76,2025098.66,0
CASH_OUT,108600.78,0,0,146488.24,97128.19,0
CASH_OUT,377520.94,0,0,563677.32,4619798.56,0
CASH_OUT,60758.42,0,0,155911.68,500631.71,0
CASH_OUT,86204.31,0,0,941198.26,4619798.56,0
CASH_OUT,1234,0,0,29906,7550.03,0
CASH_OUT,18288.91,0,0,858090.28,2107778.11,0
CASH_OUT,248979.22,0,0,1103644.22,1517262.16,0
CASH_OUT,126774.5,0,0,1242496.63,2025098.66,0
CASH_OUT,38428.19,0,0,43524.89,122750.49,0
CASH_OUT,109732.52,0,0,8244985.62,1.068123879E7,0
CASH_OUT,17851.54,0,0,32353,0,0
CASH_OUT,5223.97,0,0,10429.69,23568.91,0
CASH_OUT,63807.17,0,0,558216.18,1186556.81,0
CASH_OUT,406297.68,0,0,882606.73,971418.91,0
PAYMENT,4779.93,121,0,0,0,0
TRANSFER,16631.14,0,0,89102.55,1015132.48,0
PAYMENT,2771.16,60721,57949.84,0,0,0
PAYMENT,3154.06,24239,21084.94,0,0,0
PAYMENT,7813.63,21084.94,13271.31,0,0,0
PAYMENT,360.13,38939,38578.87,0,0,0
CASH_OUT,431381.17,40481,0,55566,3554299.27,0
TRANSFER,43670.84,0,0,79331.08,215851.28,0
PAYMENT,7342.63,19443,12100.37,0,0,0
PAYMENT,7417.09,843,0,0,0,0
PAYMENT,8865.26,84415.83,75550.57,0,0,0
CASH_OUT,213490.87,75550.57,0,508139.13,0,0
PAYMENT,7444.4,31902.57,24458.17,0,0,0
CASH_OUT,287265.38,24458.17,0,486947.17,3554299.27,0
PAYMENT,6432.26,0,0,0,0,0
PAYMENT,8690.86,29772,21081.14,0,0,0
PAYMENT,3791.28,32463,28671.72,0,0,0
PAYMENT,4111.34,128052,123940.66,0,0,0
PAYMENT,7163.9,114219.94,107056.04,0,0,0
PAYMENT,6557.51,107056.04,100498.52,0,0,0
PAYMENT,17348.25,100498.52,83150.27,0,0,0
PAYMENT,1586.28,83150.27,81564,0,0,0
PAYMENT,6811.97,81564,74752.02,0,0,0
PAYMENT,36651.07,74752.02,38100.95,0,0,0
PAYMENT,4804.68,38100.95,33296.27,0,0,0
PAYMENT,19375.5,33296.27,13920.76,0,0,0
PAYMENT,13833.75,13920.76,87.01,0,0,0
PAYMENT,21008.52,87.01,0,0,0,0
PAYMENT,22043.92,0,0,0,0,0
PAYMENT,32635.14,0,0,0,0,0
PAYMENT,11438.39,0,0,0,0,0
PAYMENT,13527.16,0,0,0,0,0
PAYMENT,11881.78,0,0,0,0,0
PAYMENT,9805.46,0,0,0,0,0
PAYMENT,9470.85,0,0,0,0,0
PAYMENT,20560.86,0,0,0,0,0
PAYMENT,13679.84,0,0,0,0,0
PAYMENT,15448,0,0,0,0,0
PAYMENT,1987.4,0,0,0,0,0
PAYMENT,4145.04,97168,93022.96,0,0,0
PAYMENT,3511.45,11310,7798.55,0,0,0
PAYMENT,1118.1,9041,7922.9,0,0,0
PAYMENT,15.06,204682,204666.94,0,0,0
CASH_IN,352568.35,9945,362513.35,2624106.46,5515763.34,0
PAYMENT,3043.27,36369,33325.73,0,0,0
PAYMENT,9758.09,21217,11458.91,0,0,0
PAYMENT,5924.89,1518,0,0,0,0
PAYMENT,9550.43,4021,0,0,0,0
PAYMENT,4355.66,120,0,0,0,0
DEBIT,6973.12,50015,43041.88,81953.08,122750.49,0
PAYMENT,2358.63,70824,68465.37,0,0,0
DEBIT,374.36,15237,14862.64,62904.98,353532.56,0
PAYMENT,8946.63,95066,86119.37,0,0,0
PAYMENT,20573.4,24641,4067.6,0,0,0
PAYMENT,8358.12,293,0,0,0,0
PAYMENT,1006.76,696008,695001.24,0,0,0
PAYMENT,10498.05,16730,6231.95,0,0,0
TRANSFER,463722.76,349,0,18285.39,185389.8,0
TRANSFER,138857.19,109473,0,1027402.57,4619798.56,0
PAYMENT,5184.9,283509,278324.1,0,0,0
PAYMENT,3626.96,23506,19879.04,0,0,0
PAYMENT,282.42,30603,30320.58,0,0,0
DEBIT,8703.54,137782,129078.46,63279.34,353532.56,0
PAYMENT,3673.1,30507,26833.9,0,0,0
PAYMENT,9800.58,12617.16,2816.58,0,0,0
CASH_OUT,88987.11,2816.58,0,696184.96,2719172.89,0
PAYMENT,4227.19,36054,31826.81,0,0,0
PAYMENT,2881.51,90250,87368.49,0,0,0
PAYMENT,4376.46,9809,5432.54,0,0,0
PAYMENT,11656.12,10181,0,0,0,0
TRANSFER,345698.98,40419,0,20489.94,157982.12,0
PAYMENT,3292.21,20484,17191.79,0,0,0
PAYMENT,7367.06,14528,7160.94,0,0,0
PAYMENT,2937.34,19703,16765.66,0,0,0
DEBIT,1150.14,21634,20483.86,15653.66,23568.91,0
PAYMENT,3563.36,185397,181833.64,0,0,0
PAYMENT,2380.46,101428,99047.54,0,0,0
PAYMENT,2266.02,64757.92,62491.91,0,0,0
TRANSFER,32132.45,62491.91,30359.46,59605,0,0
TRANSFER,51627.39,30359.46,0,81243,32092.07,0
TRANSFER,62073.54,0,0,228702.01,1363368.51,0
TRANSFER,13614.91,0,0,30195,0,0
TRANSFER,2290.73,0,0,79471.66,42450.71,0
TRANSFER,637161,0,0,1166259.76,4619798.56,0
TRANSFER,639378.37,0,0,753824.15,3420103.09,0
TRANSFER,34390.85,0,0,90214.97,66575.5,0
TRANSFER,1867849.02,0,0,2271538.11,5515763.34,0
TRANSFER,1193410.46,0,0,1.647140795E7,1.916920493E7,0
TRANSFER,348186.2,0,0,774212.55,3554299.27,0
TRANSFER,1440296.14,0,0,1.76648184E7,1.916920493E7,0
TRANSFER,799483.57,0,0,1122398.75,3554299.27,0
TRANSFER,969631.31,0,0,2134967.54,6453430.91,0
TRANSFER,483544.3,0,0,876379.19,2107778.11,0
TRANSFER,326349.91,0,0,778150.49,1254956.07,0
DEBIT,7546.88,51368,43821.12,11353,252055.24,0
PAYMENT,2469.75,43821.12,41351.37,0,0,0
DEBIT,1741.24,80942,79200.76,366188.92,157982.12,0
PAYMENT,553.25,7522,6968.75,0,0,0
PAYMENT,6606.31,6968.75,362.44,0,0,0
PAYMENT,2075.94,110403,108327.06,0,0,0
TRANSFER,84212.94,53199,0,0,84212.94,0
CASH_OUT,312108.51,0,0,8043910.53,1.249436715E7,0
PAYMENT,1647.93,70889,69241.07,0,0,0
PAYMENT,3533.32,38211,34677.68,0,0,0
PAYMENT,7659.86,544,0,0,0,0
PAYMENT,7203.07,290775.55,283572.48,0,0,0
CASH_OUT,116206.75,283572.48,167365.73,216670.1,500631.71,0
CASH_OUT,30331.38,167365.73,137034.36,105733.69,1015132.48,0
PAYMENT,2063.77,16064,14000.23,0,0,0
PAYMENT,3035.35,26657,23621.65,0,0,0
CASH_OUT,123797.1,23621.65,0,153674.01,557537.26,0
DEBIT,8233.25,7024,0,14673,12901.08,0
PAYMENT,2271.34,31346,29074.66,0,0,0
PAYMENT,3801.74,73616.2,69814.46,0,0,0
PAYMENT,1530.83,69814.46,68283.63,0,0,0
PAYMENT,4833.96,41005,36171.04,0,0,0
PAYMENT,5842.61,40,0,0,0,0
PAYMENT,2871.89,653,0,0,0,0
DEBIT,5297.36,82134,76836.64,31443.78,189534.74,0
TRANSFER,621561.65,123122,0,0,3997768.55,0
PAYMENT,829.07,11199,10369.93,0,0,0
PAYMENT,3418.07,260,0,0,0,0
CASH_OUT,41924.75,0,0,132870.39,32092.07,0
CASH_OUT,173597.57,0,0,3104598.86,6453430.91,0
CASH_OUT,77642.84,0,0,416103.33,9291619.62,0
CASH_OUT,144964.23,0,0,785172.07,2719172.89,0
CASH_OUT,94038.9,0,0,136065.07,1015132.48,0
CASH_OUT,26051.33,0,0,28479.11,1891.79,0
CASH_OUT,134143.27,0,0,1754894.42,3940085.21,0
CASH_OUT,497424.19,0,0,930136.3,2719172.89,0
CASH_OUT,607616.73,0,0,1359923.49,2107778.11,0
CASH_OUT,681093.57,0,0,844302.4,1412484.09,0
CASH_OUT,114057.61,0,0,1427560.49,2719172.89,0
CASH_OUT,205279.62,0,0,1541618.1,2719172.89,0
CASH_OUT,173512.93,0,0,8354718.14,1.068123879E7,0
CASH_OUT,166817.98,0,0,721630,0,0
CASH_OUT,113283.13,0,0,123001.91,215851.28,0
CASH_OUT,179030.05,0,0,1357232.47,2107965.39,0
CASH_OUT,94332,0,0,621561.65,3997768.55,0
CASH_OUT,141111.15,0,0,622023.34,1186556.81,0
CASH_OUT,45756.23,0,0,1393202.52,3420103.09,0
CASH_OUT,6039.61,0,0,31164,37203.61,0
CASH_OUT,46261.02,0,0,85758.95,52415.15,0
CASH_OUT,312471.16,0,0,1803420.75,4619798.56,0
CASH_OUT,195490.04,0,0,1104500.4,1254956.07,0
CASH_OUT,107308.84,0,0,124605.82,66575.5,0
CASH_OUT,48252.82,0,0,1889037.69,3940085.21,0
CASH_OUT,25674.03,0,0,30563,6830.83,0
CASH_OUT,63830.49,0,0,412307.54,55974.56,0
CASH_OUT,96178.8,0,0,111973.96,277515.05,0
CASH_OUT,155122.86,0,0,367930.17,157982.12,0
CASH_OUT,171757.76,0,0,205811.8,0,0
CASH_OUT,8809.04,0,0,137034.36,1363368.51,0
CASH_OUT,27320.2,0,0,79191.11,0,0
CASH_OUT,517915.91,0,0,4404060.84,22190.99,0
CASH_OUT,34629.16,0,0,38735.74,0,0
CASH_OUT,94296.25,0,0,336692.95,1178808.14,0
CASH_OUT,285360.06,0,0,715893.66,3997768.55,0
CASH_OUT,161445.91,0,0,277471.11,557537.26,0
CASH_OUT,386683.04,0,0,1352623.44,1517262.16,0
CASH_OUT,169854.57,0,0,8528231.07,1.068123879E7,0
CASH_OUT,126167.7,0,0,3278196.43,6453430.91,0
CASH_OUT,152757.58,0,0,8356019.04,1.249436715E7,0
CASH_OUT,49661.18,0,0,1937290.51,3940085.21,0
CASH_OUT,73513.5,0,0,236639,424250.45,0
CASH_OUT,166335.32,0,0,1739306.48,1517262.16,0
CASH_OUT,234268.82,0,0,310152.51,424250.45,0
CASH_OUT,306280.12,0,0,1536262.52,2107965.39,0
CASH_OUT,194620.68,0,0,610710.98,3461666.05,0
CASH_OUT,128278.74,0,0,8508776.62,1.249436715E7,0
CASH_OUT,256773.54,0,0,888447.97,0,0
CASH_OUT,105759.12,0,0,332876.84,500631.71,0
CASH_OUT,59390.46,0,0,73791.34,965870.05,0
CASH_OUT,131991.26,0,0,1145221.51,0,0
CASH_OUT,65025.3,0,0,133181.81,965870.05,0
CASH_OUT,82054.36,0,0,174795.14,32092.07,0
CASH_OUT,69708.79,0,0,71982.88,353532.56,0
CASH_OUT,9104.26,0,0,10623,19727.26,0
CASH_OUT,92553.64,0,0,297655.51,23508.22,0
CASH_OUT,66312.08,0,0,544421.33,424250.45,0
CASH_OUT,142282.63,0,0,805331.66,3461666.05,0
CASH_OUT,114499.14,0,0,129297.57,420946.86,0
CASH_OUT,76635.24,0,0,102696.35,92307.65,0
CASH_OUT,132574,0,0,198207.11,965870.05,0
CASH_OUT,39485.21,0,0,9987286.56,1.687464309E7,0
CASH_OUT,236825.42,0,0,243796.7,420946.86,0
CASH_OUT,327066.19,0,0,947614.29,3461666.05,0
CASH_OUT,156819.6,0,0,438635.96,500631.71,0
CASH_OUT,13136.44,0,0,1525395.97,1412484.09,0
PAYMENT,4306.89,256849.49,252542.6,0,0,0
PAYMENT,8309.52,252542.6,244233.08,0,0,0
PAYMENT,5363.35,81503.83,76140.48,0,0,0
PAYMENT,132.42,76140.48,76008.06,0,0,0
PAYMENT,19644.08,76008.06,56363.98,0,0,0
PAYMENT,895.24,56363.98,55468.74,0,0,0
PAYMENT,7641.08,55468.74,47827.66,0,0,0
PAYMENT,31188.22,47827.66,16639.44,0,0,0
PAYMENT,13954.75,16639.44,2684.69,0,0,0
PAYMENT,10497.33,2684.69,0,0,0,0
PAYMENT,5843.75,0,0,0,0,0
PAYMENT,7260.2,0,0,0,0,0
PAYMENT,10285.86,0,0,0,0,0
PAYMENT,6249.78,0,0,0,0,0
PAYMENT,848.74,0,0,0,0,0
PAYMENT,6993.7,0,0,0,0,0
PAYMENT,795.29,10360,9564.71,0,0,0
PAYMENT,9191.46,0,0,0,0,0
CASH_OUT,132038.41,0,0,230103.96,1015132.48,0
PAYMENT,6495.27,22040,15544.73,0,0,0
PAYMENT,1679.68,15544.73,13865.06,0,0,0
TRANSFER,47477.97,6066,0,144658.38,15375.37,0
DEBIT,1260.62,1483,222.38,10086,9837.06,0
PAYMENT,15034.23,40458,25423.77,0,0,0
PAYMENT,3238.39,28773,25534.61,0,0,0
CASH_OUT,251241.14,25534.61,0,523053.03,157982.12,0
PAYMENT,3644.12,1230,0,0,0,0
CASH_OUT,283123.48,497409,214285.52,16872,247063.16,0
PAYMENT,2851.83,10646,7794.17,0,0,0
CASH_IN,94726.64,69854.13,164580.77,129704.88,49864.36,0
PAYMENT,17020.69,164580.77,147560.08,0,0,0
PAYMENT,6523.19,147560.08,141036.89,0,0,0
PAYMENT,1383.56,5309,3925.44,0,0,0
DEBIT,1580.66,31156,29575.34,12298,0,0
PAYMENT,2466.95,34978.24,32511.29,0,0,0
PAYMENT,1017.85,32511.29,31493.45,0,0,0
PAYMENT,2270.41,60640.12,58369.71,0,0,0
CASH_OUT,102265.88,58369.71,0,1438958.75,3420103.09,0
DEBIT,13758.63,29858,16099.37,21305,0,0
CASH_IN,5221.77,1046,6267.77,0,139555.44,0
PAYMENT,12256.66,20800,8543.34,0,0,0
PAYMENT,8227.3,6207,0,0,0,0
PAYMENT,527.15,72421,71893.85,0,0,0
PAYMENT,950.25,204944,203993.75,0,0,0
PAYMENT,12728.46,83636,70907.54,0,0,0
PAYMENT,1002.96,8325,7322.04,0,0,0
PAYMENT,6917.1,13555,6637.9,0,0,0
PAYMENT,1977.17,43619,41641.83,0,0,0
PAYMENT,9314.84,104536,95221.16,0,0,0
PAYMENT,1157.05,52867,51709.95,0,0,0
DEBIT,3766.99,16600,12833.01,146166.67,46393.85,0
PAYMENT,3464.41,5548,2083.59,0,0,0
CASH_OUT,68662.06,2083.59,0,145843.39,1363368.51,0
DEBIT,8679.29,150592,141912.71,21056,0,0
PAYMENT,15266.05,13679,0,0,0,0
PAYMENT,8348.75,0,0,0,0,0
PAYMENT,8419.73,0,0,0,0,0
PAYMENT,6688.74,9207,2518.26,0,0,0
PAYMENT,1979.94,82034,80054.06,0,0,0
PAYMENT,9574.31,52463,42888.69,0,0,0
PAYMENT,5287.68,11424,6136.32,0,0,0
PAYMENT,10627.18,6136.32,0,0,0,0
PAYMENT,5809.78,99884,94074.22,0,0,0
TRANSFER,411363.54,39951,0,52170,60738.03,0
PAYMENT,4086.5,0,0,0,0,0
PAYMENT,19741.22,81762.38,62021.17,0,0,0
PAYMENT,5270.72,62021.17,56750.45,0,0,0
CASH_IN,55827.09,9907,65734.09,19873,1268668.92,0
CASH_OUT,174068.82,65734.09,0,1905641.8,1517262.16,0
CASH_IN,24105.5,144,24249.5,20875,0,0
PAYMENT,6854.06,19853,12998.94,0,0,0
CASH_OUT,111899.09,12998.94,0,1.002677177E7,1.687464309E7,0
PAYMENT,1231.79,20792,19560.21,0,0,0
PAYMENT,3380.1,19560.21,16180.11,0,0,0
DEBIT,2869.65,8768,5898.35,15485,5484.37,0
PAYMENT,1658.87,16543,14884.13,0,0,0
PAYMENT,823.36,14884.13,14060.77,0,0,0
PAYMENT,7541.47,14060.77,6519.3,0,0,0
DEBIT,3635.93,106929,103293.07,95816.79,8496.61,0
PAYMENT,1328.59,14469,13140.41,0,0,0
TRANSFER,56145.85,21528,0,5075,33008.44,0
PAYMENT,973.18,10762,9788.82,0,0,0
PAYMENT,619.24,31960,31340.76,0,0,0
DEBIT,300.41,39167,38866.59,48749.55,46820.71,0
TRANSFER,700967.19,15383,0,50767.43,130747.56,0
PAYMENT,8354.27,5611,0,0,0,0
DEBIT,5423.28,20281,14857.72,11523,0,0
PAYMENT,708.59,14857.72,14149.13,0,0,0
PAYMENT,8358.81,3467,0,0,0,0
PAYMENT,2245.62,30910,28664.38,0,0,0
PAYMENT,4593.59,78282,73688.41,0,0,0
PAYMENT,399.66,153760,153360.34,0,0,0
PAYMENT,1617.9,507865,506247.1,0,0,0
PAYMENT,2167.26,13669,11501.74,0,0,0
PAYMENT,9738.95,289748,280009.05,0,0,0
PAYMENT,3396.25,18524,15127.75,0,0,0
PAYMENT,6780.78,52640,45859.22,0,0,0
TRANSFER,181,181,0,0,0,1
CASH_OUT,181,181,0,21182,0,1
TRANSFER,2806,2806,0,0,0,1
CASH_OUT,2806,2806,0,26202,0,1
TRANSFER,20128,20128,0,0,0,1
CASH_OUT,20128,20128,0,6268,12145.85,1
CASH_OUT,416001.33,0,0,102,9291619.62,1
TRANSFER,1277212.77,1277212.77,0,0,0,1
CASH_OUT,1277212.77,1277212.77,0,0,2444985.19,1
TRANSFER,35063.63,35063.63,0,0,0,1
CASH_OUT,35063.63,35063.63,0,31140,7550.03,1
TRANSFER,25071.46,25071.46,0,0,0,1
CASH_OUT,25071.46,25071.46,0,9083.76,34155.22,1
CASH_OUT,132842.64,4499.08,0,0,132842.64,1
TRANSFER,235238.66,235238.66,0,0,0,1
CASH_OUT,235238.66,235238.66,0,0,235238.66,1
TRANSFER,1096187.24,1096187.24,0,0,0,1
CASH_OUT,1096187.24,1096187.24,0,0,1096187.24,1
TRANSFER,963532.14,963532.14,0,0,0,1
CASH_OUT,963532.14,963532.14,0,132382.57,1095914.71,1
TRANSFER,14949.84,14949.84,0,0,0,1
CASH_OUT,14949.84,14949.84,0,18161.79,33111.63,1
TRANSFER,18627.02,18627.02,0,0,0,1
CASH_OUT,18627.02,18627.02,0,147251.58,165878.6,1
TRANSFER,10539.37,10539.37,0,0,0,1
CASH_OUT,10539.37,10539.37,0,0,10539.37,1
TRANSFER,22877,22877,0,0,0,1
CASH_OUT,22877,22877,0,0,22877,1
TRANSFER,1.0E7,1.293041844E7,2930418.44,0,0,1
CASH_OUT,1.0E7,1.0E7,0,0,9941904.21,1
TRANSFER,2930418.44,2930418.44,0,0,0,1
CASH_OUT,2930418.44,2930418.44,0,3616012.1,6963508.84,1
TRANSFER,169941.73,169941.73,0,0,0,1
CASH_OUT,169941.73,169941.73,0,0,169941.73,1
TRANSFER,13707.11,13707.11,0,0,0,1
CASH_OUT,13707.11,13707.11,0,0,13707.11,1
TRANSFER,86070.17,86070.17,0,0,0,1
CASH_OUT,86070.17,86070.17,0,0,86070.17,1
TRANSFER,120074.73,120074.73,0,0,0,1
CASH_OUT,120074.73,120074.73,0,0,120074.73,1
TRANSFER,60726.57,60726.57,0,0,0,1
CASH_OUT,60726.57,60726.57,0,1.301050278E7,1.307122935E7,1
TRANSFER,10119.47,10119.47,0,0,0,1
CASH_OUT,10119.47,10119.47,0,0,10119.47,1
TRANSFER,33332.86,33332.86,0,0,0,1
CASH_OUT,33332.86,33332.86,0,31002,0,1
TRANSFER,25975.86,25975.86,0,0,0,1
CASH_OUT,25975.86,25975.86,0,98152,28041.27,1
TRANSFER,26768.5,26768.5,0,0,0,1
CASH_OUT,26768.5,26768.5,0,101976,128744.5,1
TRANSFER,30521.02,30521.02,0,0,0,1
CASH_OUT,30521.02,30521.02,0,0,30521.02,1
TRANSFER,216422,216422,0,0,0,1
CASH_OUT,216422,216422,0,10097,48630.5,1
TRANSFER,17320.91,17320.91,0,0,0,1
CASH_OUT,17320.91,17320.91,0,6244.44,0,1
TRANSFER,17246,17246,0,0,101717.84,1
CASH_OUT,17246,17246,0,0,17246,1
TRANSFER,10565,10565,0,0,0,1
CASH_OUT,10565,10565,0,36275,24380.72,1
TRANSFER,10224,10224,0,0,0,1
CASH_OUT,10224,10224,0,0,10224,1
TRANSFER,85354.69,85354.69,0,0,0,1
CASH_OUT,85354.69,85354.69,0,11170,10612.55,1
TRANSFER,13704,13704,0,0,1658746.09,1
CASH_OUT,13704,13704,0,3382.84,143675.35,1
TRANSFER,262434.54,262434.54,0,0,0,1
CASH_OUT,262434.54,262434.54,0,19525.79,438233.86,1
TRANSFER,21729,21729,0,0,0,1
CASH_OUT,21729,21729,0,27335,0,1
TRANSFER,5460002.91,5460002.91,0,0,0,1
CASH_OUT,5460002.91,5460002.91,0,0,9281535.44,1
TRANSFER,164,164,0,0,0,1
CASH_OUT,164,164,0,4068,0,1
TRANSFER,21571,21571,0,0,0,1
CASH_OUT,21571,21571,0,30797.41,71140.3,1
TRANSFER,441445.58,441445.58,0,0,0,1
CASH_OUT,441445.58,441445.58,0,98993.5,0,1
CASH_OUT,181728.11,0,0,11397,184477.77,1
TRANSFER,222,222,0,0,267095.19,1
CASH_OUT,222,222,0,24708,171647.35,1
TRANSFER,1996.17,1996.17,0,0,0,1
CASH_OUT,1996.17,1996.17,0,2559.74,4555.92,1
TRANSFER,1078013.76,0,0,0,970749.68,1
TRANSFER,89631.24,89631.24,0,0,0,1
CASH_OUT,89631.24,89631.24,0,21175,0,1
TRANSFER,29707.86,29707.86,0,0,0,1
CASH_OUT,29707.86,29707.86,0,10935,0,1
TRANSFER,43092,43092,0,0,0,1
CASH_OUT,43092,43092,0,660641.74,1158662.9,1
TRANSFER,556218.01,556218.01,0,0,0,1
CASH_OUT,556218.01,556218.01,0,0,582265.81,1
TRANSFER,11308,11308,0,0,0,1
CASH_OUT,11308,11308,0,0,302550.56,1
TRANSFER,350705.74,350705.74,0,0,1184633.07,1
CASH_OUT,350705.74,350705.74,0,894760.68,1794033.65,1
TRANSFER,2539898.07,2539898.07,0,0,261290.69,1
CASH_OUT,2539898.07,2539898.07,0,968,1842864.22,1
TRANSFER,361559.69,361559.69,0,0,141302.12,1
CASH_OUT,361559.69,361559.69,0,504667.31,189441.24,1
TRANSFER,1154353.99,1154353.99,0,0,10872.9,1
CASH_OUT,1154353.99,1154353.99,0,162222,1965587.6,1
TRANSFER,21922,21922,0,0,0,1
CASH_OUT,21922,21922,0,1929861.61,2046918.8,1
TRANSFER,994453.2,1437370.87,442917.67,194812.76,665743.67,1
TRANSFER,1055,1055,0,0,0,1
CASH_OUT,1055,1055,0,75179,0,1
TRANSFER,244068.01,244068.01,0,0,0,1
CASH_OUT,244068.01,244068.01,0,0,338538.16,1
TRANSFER,59835,59835,0,0,0,1
CASH_OUT,59835,59835,0,255480.76,315315.76,1
CASH_OUT,277970.88,0,0,0,277970.88,1
TRANSFER,93810.76,93810.76,0,0,0,1
CASH_OUT,93810.76,93810.76,0,4096048.05,4189858.81,1
TRANSFER,503405.88,503405.88,0,0,0,1
CASH_OUT,503405.88,503405.88,0,29669,533074.88,1
TRANSFER,2662734.59,2662734.59,0,0,0,1
CASH_OUT,2662734.59,2662734.59,0,14165.62,2930405.33,1
TRANSFER,9217.19,9217.19,0,0,96795.6,1
CASH_OUT,9217.19,9217.19,0,0,9217.19,1
TRANSFER,2100,2100,0,0,0,1
CASH_OUT,2100,2100,0,112512.48,114612.48,1
TRANSFER,1933920.8,0,0,1283762.85,3217683.65,1
TRANSFER,313418.28,313418.28,0,0,97980.88,1
CASH_OUT,313418.28,313418.28,0,688164.64,1029922.17,1
TRANSFER,12461,12461,0,0,0,1
CASH_OUT,12461,12461,0,27964.11,40425.11,1
TRANSFER,19472,19472,0,0,0,1
CASH_OUT,19472,19472,0,0,19472,1
TRANSFER,3964129.99,3964129.99,0,0,0,1
CASH_OUT,3964129.99,3964129.99,0,1912955.54,5811064.07,1
TRANSFER,1041647.06,1041647.06,0,0,0,1
CASH_OUT,1041647.06,1041647.06,0,52730.33,1094377.39,1
TRANSFER,2066467.64,2066467.64,0,0,81209.81,1
CASH_OUT,2066467.64,2066467.64,0,194510.24,3098566.67,1
CASH_OUT,149668.66,0,0,44170.11,193838.76,1
TRANSFER,2007,2007,0,0,0,1
CASH_OUT,2007,2007,0,129917.8,250910.76,1
CASH_OUT,222048.71,0,0,2979,225027.71,1
TRANSFER,8677,8677,0,0,0,1
CASH_OUT,8677,8677,0,225127.62,233804.62,1
TRANSFER,408,408,0,0,226013.18,1
CASH_OUT,408,408,0,898297.85,1075854.14,1
TRANSFER,48375.02,48375.02,0,0,0,1
CASH_OUT,48375.02,48375.02,0,374803.26,658520.33,1
TRANSFER,4022667.54,4022667.54,0,0,0,1
CASH_OUT,4022667.54,4022667.54,0,80136.56,4057191.21,1
CASH_OUT,454859.39,0,0,0,454859.39,1
TRANSFER,1161495.82,1161495.82,0,0,0,1
CASH_OUT,1161495.82,1161495.82,0,319036.02,1565123.81,1
TRANSFER,2686564.04,2686564.04,0,0,0,1
CASH_OUT,2686564.04,2686564.04,0,438199.37,3124763.41,1
TRANSFER,6188514.81,6188514.81,0,0,0,1
CASH_OUT,6188514.81,6188514.81,0,381607.21,6424681.56,1
TRANSFER,123194.95,79466.45,0,535933.16,263908.84,1
TRANSFER,2093951.47,2093951.47,0,0,0,1
CASH_OUT,2093951.47,2093951.47,0,0,2093951.47,1
TRANSFER,143032,143032,0,0,0,1
CASH_OUT,143032,143032,0,814654.61,1020323.73,1
TRANSFER,2927005.15,2927005.15,0,0,0,1
CASH_OUT,2927005.15,2927005.15,0,0,2994420.07,1
TRANSFER,1832319.42,1832319.42,0,0,0,1
CASH_OUT,1832319.42,1832319.42,0,43962.42,2440139.69,1
TRANSFER,1561891.66,1561891.66,0,0,0,1
CASH_OUT,1561891.66,1561891.66,0,3471928.95,6443177.56,1
TRANSFER,65488.05,65488.05,0,0,0,1
CASH_OUT,65488.05,65488.05,0,0,65488.05,1
TRANSFER,696763.08,696763.08,0,0,69861.26,1
CASH_OUT,696763.08,696763.08,0,366114.58,1347073.81,1
TRANSFER,119,119,0,0,0,1
CASH_OUT,119,119,0,4844060.13,4844179.13,1
TRANSFER,128473.62,128473.62,0,0,0,1
CASH_OUT,128473.62,128473.62,0,0,128473.62,1
TRANSFER,248056.41,248056.41,0,0,0,1
CASH_OUT,248056.41,248056.41,0,0,201427.47,1
TRANSFER,164500.81,164500.81,0,0,0,1
CASH_OUT,164500.81,164500.81,0,685636.21,850137.02,1
TRANSFER,212089.74,212089.74,0,0,0,1
CASH_OUT,212089.74,212089.74,0,257758.48,469848.23,1
CASH_OUT,95428.32,0,0,0,95428.32,1
CASH_OUT,39713.28,0,0,1274866.51,1314579.79,1
TRANSFER,170,170,0,0,0,1
CASH_OUT,170,170,0,413421.36,345764.15,1
TRANSFER,747282.4,747282.4,0,0,0,1
CASH_OUT,747282.4,747282.4,0,5340917.82,6088200.22,1
TRANSFER,59385.67,59385.67,0,0,0,1
CASH_OUT,59385.67,59385.67,0,74371,133756.67,1
TRANSFER,2198224.71,2198224.71,0,0,0,1
CASH_OUT,2198224.71,2198224.71,0,0,2198224.71,1
TRANSFER,828720.89,828720.89,0,0,0,1
CASH_OUT,828720.89,828720.89,0,9142622.59,1.018433654E7,1
TRANSFER,2701905.3,2701905.3,0,0,0,1
CASH_OUT,2701905.3,2701905.3,0,57418,2759323.3,1
TRANSFER,31074,31074,0,0,0,1
CASH_OUT,31074,31074,0,0,31074,1
TRANSFER,121626.82,121626.82,0,0,0,1
CASH_OUT,121626.82,121626.82,0,653744.34,775371.16,1
TRANSFER,1639676.27,1639676.27,0,0,0,1
CASH_OUT,1639676.27,1639676.27,0,448954.92,2198318.48,1
TRANSFER,305627,305627,0,0,0,1
CASH_OUT,305627,305627,0,7699847.16,8005474.16,1
TRANSFER,195351.76,195351.76,0,0,0,1
CASH_OUT,195351.76,195351.76,0,156408.25,265841,1
CASH_OUT,42062.82,340830.43,298767.61,398931.35,678419.64,1
TRANSFER,295664.18,295664.18,0,0,0,1
CASH_OUT,295664.18,295664.18,0,1.018433654E7,1.048000072E7,1
TRANSFER,307739.18,307739.18,0,0,0,1
CASH_OUT,307739.18,307739.18,0,25326,838246.41,1
CASH_OUT,314251.58,75956.47,0,7962205.25,8276456.84,1
TRANSFER,1102133.9,1102133.9,0,0,746575.95,1
CASH_OUT,1102133.9,1102133.9,0,306228.56,1408362.45,1
TRANSFER,1144089.37,1144089.37,0,0,0,1
CASH_OUT,1144089.37,1144089.37,0,2502877.26,3879210.29,1
TRANSFER,1974352.3,1974352.3,0,0,0,1
CASH_OUT,1974352.3,1974352.3,0,15531.71,1989884.01,1
TRANSFER,11481,11481,0,0,263492.28,1
CASH_OUT,11481,11481,0,761417.61,1765080.5,1
CASH_OUT,508782.2,0,0,1082007.65,1590789.85,1
TRANSFER,9131,9131,0,0,0,1
CASH_OUT,9131,9131,0,133084.02,142215.02,1
TRANSFER,143660.11,143660.11,0,0,0,1
CASH_OUT,143660.11,143660.11,0,0,143660.11,1
TRANSFER,3477438.49,3477438.49,0,0,0,1
CASH_OUT,3477438.49,3477438.49,0,0,3477438.49,1
CASH_OUT,122101.57,0,0,0,639940.2,1
TRANSFER,161939.36,161939.36,0,0,0,1
CASH_OUT,161939.36,161939.36,0,628935.02,851972.34,1
TRANSFER,1.0E7,1.186100832E7,1861008.32,0,0,1
CASH_OUT,1.0E7,1.0E7,0,504326.62,1.03424179E7,1
TRANSFER,1861008.32,1861008.32,0,0,0,1
CASH_OUT,1861008.32,1861008.32,0,0,1789942.62,1
TRANSFER,16614.82,16614.82,0,0,0,1
CASH_OUT,16614.82,16614.82,0,904409.29,921024.11,1
TRANSFER,448025.06,448025.06,0,0,0,1
CASH_OUT,448025.06,448025.06,0,71679.93,519704.99,1
TRANSFER,785323,785323,0,0,0,1
CASH_OUT,785323,785323,0,803839.25,1720783.92,1
TRANSFER,158299.34,158299.34,0,0,0,1
CASH_OUT,158299.34,158299.34,0,36152.54,271369.74,1
CASH_OUT,23292.3,0,0,392364.62,415656.92,1
TRANSFER,346704.55,346704.55,0,0,0,1
CASH_OUT,346704.55,346704.55,0,513994.79,860699.34,1
TRANSFER,461509.86,461509.86,0,0,0,1
CASH_OUT,461509.86,461509.86,0,302583.81,764093.67,1
TRANSFER,37100.29,37100.29,0,0,0,1
CASH_OUT,37100.29,37100.29,0,433212.41,470312.7,1
TRANSFER,235512.2,235512.2,0,0,0,1
CASH_OUT,235512.2,235512.2,0,8490637.21,9272647.09,1
TRANSFER,2068118.36,2068118.36,0,0,0,1
CASH_OUT,2068118.36,2068118.36,0,3054285.45,5122403.81,1
TRANSFER,74804.24,74804.24,0,0,0,1
CASH_OUT,74804.24,74804.24,0,0,74804.24,1
TRANSFER,489767.32,489767.32,0,0,0,1
CASH_OUT,489767.32,489767.32,0,0,489767.32,1
TRANSFER,379878,379878,0,0,0,1
CASH_OUT,379878,379878,0,1301414.19,1681292.19,1
CASH_OUT,89571.46,4505.6,0,1929428.01,2018999.47,1
TRANSFER,1258956.71,1258956.71,0,0,0,1
CASH_OUT,1258956.71,1258956.71,0,4736010.72,5994967.43,1
TRANSFER,77773.14,77773.14,0,0,0,1
CASH_OUT,77773.14,77773.14,0,1853403.61,1931176.75,1
TRANSFER,239646.72,239646.72,0,0,0,1
CASH_OUT,239646.72,239646.72,0,2208970.26,2448616.98,1
TRANSFER,146127.1,146127.1,0,0,0,1
CASH_OUT,146127.1,146127.1,0,177874.39,324001.49,1
TRANSFER,291305.98,291305.98,0,0,0,1
CASH_OUT,291305.98,291305.98,0,954554.82,1247963.68,1
TRANSFER,986876.27,986876.27,0,0,0,1
CASH_OUT,986876.27,986876.27,0,57853.96,1044730.24,1
TRANSFER,6844.73,6844.73,0,0,0,1
CASH_OUT,6844.73,6844.73,0,264100.7,270945.42,1
TRANSFER,8383.17,8383.17,0,0,0,1
CASH_OUT,8383.17,8383.17,0,6577262.64,6585645.81,1
TRANSFER,781953.11,781953.11,0,0,0,1
CASH_OUT,781953.11,781953.11,0,0,781953.11,1
TRANSFER,217231,217231,0,0,0,1
CASH_OUT,217231,217231,0,7236671.1,7453902.1,1
TRANSFER,44829.81,44829.81,0,0,0,1
CASH_OUT,44829.81,44829.81,0,301552.31,346382.12,1
TRANSFER,296333.54,296333.54,0,0,0,1
CASH_OUT,296333.54,296333.54,0,3355664.68,3651998.22,1
TRANSFER,18126.95,18126.95,0,0,0,1
CASH_OUT,18126.95,18126.95,0,0,18126.95,1
TRANSFER,249159.26,249159.26,0,0,0,1
CASH_OUT,249159.26,249159.26,0,285997.41,535156.67,1
TRANSFER,1698263.69,1698263.69,0,0,0,1
CASH_OUT,1698263.69,1698263.69,0,0,1698263.69,1
TRANSFER,802382.45,802382.45,0,0,0,1
CASH_OUT,802382.45,802382.45,0,0,802382.45,1
TRANSFER,37065.55,37065.55,0,0,0,1
CASH_OUT,37065.55,37065.55,0,1396327.66,1433393.21,1
TRANSFER,369186.87,369186.87,0,0,0,1
CASH_OUT,369186.87,369186.87,0,36224.11,405410.97,1
TRANSFER,78741.64,78741.64,0,0,0,1
CASH_OUT,78741.64,78741.64,0,48628.52,127370.16,1
TRANSFER,1646181.09,1646181.09,0,0,0,1
CASH_OUT,1646181.09,1646181.09,0,220025.2,1866206.29,1
TRANSFER,331829.94,331829.94,0,0,0,1
CASH_OUT,331829.94,331829.94,0,792855.99,1124685.94,1
TRANSFER,1027152.36,1027152.36,0,0,0,1
CASH_OUT,1027152.36,1027152.36,0,519428.56,1546580.92,1
TRANSFER,494244.61,494244.61,0,0,0,1
CASH_OUT,494244.61,494244.61,0,653451.43,1147696.03,1
TRANSFER,329937.88,329937.88,0,0,0,1
CASH_OUT,329937.88,329937.88,0,349407.23,679345.1,1
TRANSFER,496128.26,496128.26,0,0,0,1
CASH_OUT,496128.26,496128.26,0,465770.07,961898.33,1
TRANSFER,1218165.88,1218165.88,0,0,0,1
CASH_OUT,1218165.88,1218165.88,0,742564.27,1960730.15,1
TRANSFER,3832058.34,3832058.34,0,0,0,1
CASH_OUT,3832058.34,3832058.34,0,531662.14,4363720.48,1
TRANSFER,491517.77,491517.77,0,0,0,1
CASH_OUT,491517.77,491517.77,0,518777.34,1010295.11,1
TRANSFER,340198.41,340198.41,0,0,0,1
CASH_OUT,340198.41,340198.41,0,1614043.79,1954242.21,1
TRANSFER,268641.82,268641.82,0,0,0,1
CASH_OUT,268641.82,268641.82,0,197163.95,465805.77,1
TRANSFER,122235.11,122235.11,0,0,0,1
CASH_OUT,122235.11,122235.11,0,0,122235.11,1
TRANSFER,236947.25,236947.25,0,0,0,1
CASH_OUT,236947.25,236947.25,0,70084.28,307031.53,1
TRANSFER,19016.22,19016.22,0,0,0,1
CASH_OUT,19016.22,19016.22,0,9347999.52,9367015.74,1
TRANSFER,109401.88,109401.88,0,0,0,1
CASH_OUT,109401.88,109401.88,0,245588.62,354990.5,1
TRANSFER,335219.49,335219.49,0,0,0,1
CASH_OUT,335219.49,335219.49,0,111675.56,446895.05,1
TRANSFER,120406.39,120406.39,0,0,0,1
CASH_OUT,120406.39,120406.39,0,0,120406.39,1
TRANSFER,21516.38,21516.38,0,0,0,1
CASH_OUT,21516.38,21516.38,0,900122.84,921639.22,1
TRANSFER,378204.02,378204.02,0,0,0,1
CASH_OUT,378204.02,378204.02,0,0,378204.02,1
TRANSFER,5021186.54,5021186.54,0,0,0,1
CASH_OUT,5021186.54,5021186.54,0,880859.14,5902045.68,1
TRANSFER,587031.2,587031.2,0,0,0,1
CASH_OUT,587031.2,587031.2,0,338247.75,925278.94,1
TRANSFER,81867.07,81867.07,0,0,0,1
CASH_OUT,81867.07,81867.07,0,135117.98,216985.05,1
TRANSFER,2023920.09,2023920.09,0,0,0,1
CASH_OUT,2023920.09,2023920.09,0,1530400.88,3554320.97,1
TRANSFER,404165.06,404165.06,0,0,0,1
CASH_OUT,404165.06,404165.06,0,0,404165.06,1
TRANSFER,1164448.96,1164448.96,0,0,0,1
CASH_OUT,1164448.96,1164448.96,0,1080246.34,2244695.29,1
TRANSFER,401575.19,401575.19,0,0,0,1
CASH_OUT,401575.19,401575.19,0,0,401575.19,1
TRANSFER,604933.67,604933.67,0,0,0,1
CASH_OUT,604933.67,604933.67,0,35839.7,640773.38,1
TRANSFER,3295227.84,3295227.84,0,0,0,1
CASH_OUT,3295227.84,3295227.84,0,0,4002861.53,1
TRANSFER,214975.9,214975.9,0,0,0,1
CASH_OUT,214975.9,214975.9,0,152331.28,374513.69,1
TRANSFER,1.0E7,1.988781906E7,9887819.06,0,0,1
CASH_OUT,1.0E7,1.0E7,0,0,1.0E7,1
TRANSFER,9887819.06,9887819.06,0,0,0,1
CASH_OUT,9887819.06,9887819.06,0,801913.95,1.016520011E7,1
TRANSFER,1448630.38,1448630.38,0,0,0,1
CASH_OUT,1448630.38,1448630.38,0,1294571.45,2743201.82,1
TRANSFER,6648389.9,6648389.9,0,0,0,1
CASH_OUT,6648389.9,6648389.9,0,2609209.55,9257599.45,1
TRANSFER,51424.22,51424.22,0,0,0,1
CASH_OUT,51424.22,51424.22,0,87252.78,138677,1
TRANSFER,428239.03,428239.03,0,0,0,1
CASH_OUT,428239.03,428239.03,0,293130.02,1456009.92,1
TRANSFER,52557.21,52557.21,0,0,0,1
CASH_OUT,52557.21,52557.21,0,0,52557.21,1
TRANSFER,1462355.44,1462355.44,0,0,0,1
CASH_OUT,1462355.44,1462355.44,0,1544724.84,3007080.29,1
TRANSFER,27951.26,27951.26,0,0,0,1
CASH_OUT,27951.26,27951.26,0,10439,698752.71,1
TRANSFER,989311.12,989311.12,0,0,0,1
CASH_OUT,989311.12,989311.12,0,1009370.24,1998681.36,1
TRANSFER,865948.49,865948.49,0,0,0,1
CASH_OUT,865948.49,865948.49,0,0,865948.49,1
TRANSFER,30917.39,30917.39,0,0,0,1
CASH_OUT,30917.39,30917.39,0,339926.42,370843.82,1
TRANSFER,40458,40458,0,0,0,1
CASH_OUT,40458,40458,0,561393.36,331179.02,1
TRANSFER,1016540.35,1016540.35,0,0,0,1
CASH_OUT,1016540.35,1016540.35,0,4463851.64,5700161.74,1
TRANSFER,71693.42,71693.42,0,0,0,1
CASH_OUT,71693.42,71693.42,0,0,71693.42,1
TRANSFER,472692.51,472692.51,0,0,0,1
CASH_OUT,472692.51,472692.51,0,193065.83,665758.34,1
TRANSFER,122032.62,122032.62,0,0,0,1
CASH_OUT,122032.62,122032.62,0,0,122032.62,1
TRANSFER,3606943.31,3606943.31,0,0,0,1
CASH_OUT,3606943.31,3606943.31,0,0,3606943.31,1
CASH_OUT,112280.88,0,0,40512.49,152793.36,1
TRANSFER,171788.82,171788.82,0,0,0,1
CASH_OUT,171788.82,171788.82,0,19962,0,1
TRANSFER,9465988.82,9465988.82,0,0,0,1
CASH_OUT,9465988.82,9465988.82,0,0,9465988.82,1
TRANSFER,454511.73,454511.73,0,0,0,1
CASH_OUT,454511.73,454511.73,0,140892.24,595403.98,1
TRANSFER,136983.26,136983.26,0,0,0,1
CASH_OUT,136983.26,136983.26,0,0,136983.26,1
TRANSFER,326884.31,326884.31,0,0,0,1
CASH_OUT,326884.31,326884.31,0,337428.2,664312.51,1
TRANSFER,2352524.18,2352524.18,0,0,0,1
CASH_OUT,2352524.18,2352524.18,0,1227902.12,3580426.31,1
TRANSFER,113338.99,113338.99,0,0,0,1
CASH_OUT,113338.99,113338.99,0,3290608.15,3403947.14,1
TRANSFER,886592.76,886592.76,0,0,0,1
CASH_OUT,886592.76,886592.76,0,112531.06,999123.82,1
TRANSFER,819503.92,819503.92,0,0,0,1
CASH_OUT,819503.92,819503.92,0,255585.23,1470226.48,1
TRANSFER,636,636,0,0,0,1
CASH_OUT,636,636,0,0,636,1
TRANSFER,32382.96,32382.96,0,0,0,1
CASH_OUT,32382.96,32382.96,0,0,32382.96,1
TRANSFER,103056,103056,0,0,0,1
CASH_OUT,103056,103056,0,444182.13,547238.13,1
CASH_OUT,234377.29,0,0,34937.86,269315.15,1
TRANSFER,1684039.12,1684039.12,0,0,0,1
CASH_OUT,1684039.12,1684039.12,0,3.296165825E7,3.464569737E7,1
TRANSFER,1842,1842,0,0,0,1
CASH_OUT,1842,1842,0,0,1842,1
TRANSFER,180967.56,180967.56,0,0,0,1
CASH_OUT,180967.56,180967.56,0,95280.53,276248.1,1
TRANSFER,93083.27,93083.27,0,0,0,1
CASH_OUT,93083.27,93083.27,0,2466124.85,2559208.13,1
TRANSFER,5979556.06,5979556.06,0,0,0,1
CASH_OUT,5979556.06,5979556.06,0,0,5979556.06,1
TRANSFER,128133,128133,0,0,0,1
CASH_OUT,128133,128133,0,160395.62,288528.62,1
TRANSFER,503793.25,503793.25,0,0,95709.62,1
CASH_OUT,503793.25,503793.25,0,1.009605539E7,1.059984864E7,1
CASH_OUT,112486.46,0,0,257274.47,369760.93,1
TRANSFER,448004.86,448004.86,0,0,0,1
CASH_OUT,448004.86,448004.86,0,147828.66,595833.52,1
TRANSFER,90204.54,90204.54,0,0,0,1
CASH_OUT,90204.54,90204.54,0,0,90204.54,1
CASH_OUT,577418.98,0,0,0,577418.98,1
TRANSFER,21367,21367,0,0,0,1
CASH_OUT,21367,21367,0,898934.02,920301.02,1
TRANSFER,2395.29,2395.29,0,0,0,1
CASH_OUT,2395.29,2395.29,0,276538.59,470937.03,1
TRANSFER,7567170.36,7567170.36,0,0,0,1
CASH_OUT,7567170.36,7567170.36,0,345425.4,7912595.75,1
TRANSFER,3372,3372,0,0,0,1
CASH_OUT,3372,3372,0,456659.44,460031.44,1
CASH_OUT,407005.78,0,0,0,407005.78,1
TRANSFER,360688.3,360688.3,0,0,0,1
CASH_OUT,360688.3,360688.3,0,0,360688.3,1
TRANSFER,2070814.27,2070814.27,0,0,0,1
CASH_OUT,2070814.27,2070814.27,0,0,2070814.27,1
TRANSFER,238717.5,238717.5,0,0,0,1
CASH_OUT,238717.5,238717.5,0,601511.4,671690.05,1
TRANSFER,18887,18887,0,0,0,1
CASH_OUT,18887,18887,0,131489.74,150376.74,1
TRANSFER,7937954.2,7937954.2,0,0,0,1
CASH_OUT,7937954.2,7937954.2,0,2716480.56,1.065443476E7,1
TRANSFER,39013.3,39013.3,0,0,0,1
CASH_OUT,39013.3,39013.3,0,924162.55,1089489.11,1
TRANSFER,152042.16,152042.16,0,0,0,1
CASH_OUT,152042.16,152042.16,0,710428.02,862470.18,1
TRANSFER,26950.06,26950.06,0,0,0,1
CASH_OUT,26950.06,26950.06,0,255430.21,282380.27,1
TRANSFER,20314.97,20314.97,0,0,0,1
CASH_OUT,20314.97,20314.97,0,1270005.54,1290320.51,1
TRANSFER,6188772.44,6188772.44,0,0,0,1
CASH_OUT,6188772.44,6188772.44,0,6056796.74,1.244283661E7,1
TRANSFER,2757431.53,2757431.53,0,0,0,1
CASH_OUT,2757431.53,2757431.53,0,0,2757431.53,1
TRANSFER,7887.75,7887.75,0,0,0,1
CASH_OUT,7887.75,7887.75,0,0,7887.75,1
TRANSFER,31930.24,31930.24,0,0,0,1
CASH_OUT,31930.24,31930.24,0,113287.58,145217.82,1
TRANSFER,212613.29,212613.29,0,0,0,1
CASH_OUT,212613.29,212613.29,0,1370788.41,1583401.69,1
TRANSFER,581889.94,581889.94,0,0,0,1
CASH_OUT,581889.94,581889.94,0,359585.03,941474.97,1
TRANSFER,1783144.33,1783144.33,0,0,0,1
CASH_OUT,1783144.33,1783144.33,0,1793786.8,3576931.13,1
TRANSFER,82806.2,82806.2,0,0,0,1
CASH_OUT,82806.2,82806.2,0,0,0,1
TRANSFER,32690.68,32690.68,0,0,0,1
CASH_OUT,32690.68,32690.68,0,2361188.1,2393878.78,1
TRANSFER,1270564.34,1270564.34,0,0,0,1
CASH_OUT,1270564.34,1270564.34,0,0,1270564.34,1
TRANSFER,2885466.96,2885466.96,0,0,0,1
CASH_OUT,2885466.96,2885466.96,0,28131.01,3268477.05,1
TRANSFER,334276.08,334276.08,0,0,0,1
CASH_OUT,334276.08,334276.08,0,318089.61,652365.68,1
TRANSFER,3569720.42,3569720.42,0,0,0,1
CASH_OUT,3569720.42,3569720.42,0,0,3569720.42,1
TRANSFER,1566057.28,1566057.28,0,0,0,1
CASH_OUT,1566057.28,1566057.28,0,0,1566057.28,1
TRANSFER,5032484.73,5032484.73,0,0,0,1
CASH_OUT,5032484.73,5032484.73,0,873589.17,5906073.9,1
TRANSFER,36359.57,36359.57,0,0,0,1
CASH_OUT,36359.57,36359.57,0,20206.65,56566.22,1
TRANSFER,506867.52,506867.52,0,0,0,1
CASH_OUT,506867.52,506867.52,0,0,458682.99,1
TRANSFER,1917497.63,1917497.63,0,0,0,1
CASH_OUT,1917497.63,1917497.63,0,173507.14,2091004.76,1
TRANSFER,29988,29988,0,0,0,1
CASH_OUT,29988,29988,0,0,29988,1
TRANSFER,350789.59,350789.59,0,0,276871.71,1
CASH_OUT,350789.59,350789.59,0,8785008.75,9135798.34,1
TRANSFER,1395850.55,0,0,260806.21,1656656.77,1
TRANSFER,93459.89,93459.89,0,0,0,1
CASH_OUT,93459.89,93459.89,0,15825.7,109285.59,1
TRANSFER,435166.65,435166.65,0,0,0,1
CASH_OUT,435166.65,435166.65,0,449215.85,884382.5,1
TRANSFER,21987,21987,0,0,0,1
CASH_OUT,21987,21987,0,123690.93,145677.94,1
TRANSFER,362152.77,362152.77,0,0,0,1
CASH_OUT,362152.77,362152.77,0,282809.47,644962.23,1
TRANSFER,1649818.97,1649818.97,0,0,0,1
CASH_OUT,1649818.97,1649818.97,0,560704.68,2210523.64,1
TRANSFER,387952.42,387952.42,0,0,0,1
CASH_OUT,387952.42,387952.42,0,2070655.98,2222177.16,1
TRANSFER,44571.94,44571.94,0,0,0,1
CASH_OUT,44571.94,44571.94,0,11984,0,1
TRANSFER,534255.94,534255.94,0,0,0,1
CASH_OUT,534255.94,534255.94,0,24559,558814.94,1
TRANSFER,213983.59,213983.59,0,0,0,1
CASH_OUT,213983.59,213983.59,0,0,213983.59,1
TRANSFER,217255.97,217255.97,0,0,0,1
CASH_OUT,217255.97,217255.97,0,2115234.86,2332490.82,1
TRANSFER,1069508.42,1069508.42,0,0,0,1
CASH_OUT,1069508.42,1069508.42,0,172254,1439496.96,1
TRANSFER,5188875.35,5188875.35,0,0,0,1
CASH_OUT,5188875.35,5188875.35,0,11465,5020573.28,1
TRANSFER,4919642.57,4919642.57,0,0,0,1
CASH_OUT,4919642.57,4919642.57,0,1414095.92,6333738.49,1
TRANSFER,357836.57,357836.57,0,0,0,1
CASH_OUT,357836.57,357836.57,0,51217.85,409054.43,1
TRANSFER,155761.29,155761.29,0,0,0,1
CASH_OUT,155761.29,155761.29,0,192775.45,348536.74,1
TRANSFER,7335355.57,7335355.57,0,0,0,1
CASH_OUT,7335355.57,7335355.57,0,702100.11,8037455.68,1
TRANSFER,9977761.05,9977761.05,0,0,0,1
CASH_OUT,9977761.05,9977761.05,0,0,9977761.05,1
TRANSFER,35016.23,35016.23,0,0,0,1
CASH_OUT,35016.23,35016.23,0,65435.34,100451.57,1
TRANSFER,71372,71372,0,0,0,1
CASH_OUT,71372,71372,0,613464.04,684836.04,1
TRANSFER,945131.85,945131.85,0,0,0,1
CASH_OUT,945131.85,945131.85,0,119561.47,1064693.32,1
TRANSFER,736370.54,736370.54,0,0,0,1
CASH_OUT,736370.54,736370.54,0,556478.62,1292849.15,1
TRANSFER,82971.91,82971.91,0,0,0,1
CASH_OUT,82971.91,82971.91,0,39316.96,122288.87,1
TRANSFER,585010.21,585010.21,0,0,0,1
CASH_OUT,585010.21,585010.21,0,15969.08,600979.29,1
TRANSFER,225850.53,225850.53,0,0,0,1
CASH_OUT,225850.53,225850.53,0,5063600.9,5289451.43,1
TRANSFER,243028.65,243028.65,0,0,0,1
CASH_OUT,243028.65,243028.65,0,441285.14,684313.79,1
TRANSFER,2249574.01,2249574.01,0,0,0,1
CASH_OUT,2249574.01,2249574.01,0,3785286.98,6034861,1
TRANSFER,13172.17,13172.17,0,0,0,1
CASH_OUT,13172.17,13172.17,0,0,13172.17,1
TRANSFER,61487.67,61487.67,0,0,0,1
CASH_OUT,61487.67,61487.67,0,0,61487.67,1
TRANSFER,156011.24,156011.24,0,0,0,1
CASH_OUT,156011.24,156011.24,0,152239.96,308251.2,1
TRANSFER,36532.84,36532.84,0,0,0,1
CASH_OUT,36532.84,36532.84,0,0,36532.84,1
TRANSFER,827921.27,827921.27,0,0,0,1
CASH_OUT,827921.27,827921.27,0,1025081.63,1853002.91,1
TRANSFER,667043.9,667043.9,0,0,0,1
CASH_OUT,667043.9,667043.9,0,104132.27,771176.17,1
TRANSFER,202978.65,0,0,2122336.55,2325315.19,1
TRANSFER,1388951.5,1388951.5,0,0,0,1
CASH_OUT,1388951.5,1388951.5,0,459273.45,1848224.95,1
TRANSFER,1215297.01,1215297.01,0,0,0,1
CASH_OUT,1215297.01,1215297.01,0,2497294.92,3712591.93,1
TRANSFER,337974.21,337974.21,0,0,0,1
CASH_OUT,337974.21,337974.21,0,0,337974.21,1
TRANSFER,147267.01,147267.01,0,0,0,1
CASH_OUT,147267.01,147267.01,0,107418,64210.56,1
TRANSFER,561374.78,561374.78,0,0,0,1
CASH_OUT,561374.78,561374.78,0,5726683.53,6288058.31,1
TRANSFER,5489302.04,5489302.04,0,0,0,1
CASH_OUT,5489302.04,5489302.04,0,1356390.81,6845692.85,1
TRANSFER,1021129.67,1021129.67,0,0,0,1
CASH_OUT,1021129.67,1021129.67,0,86245.92,1107375.59,1
TRANSFER,114017.19,114017.19,0,0,0,1
CASH_OUT,114017.19,114017.19,0,2822872.88,2936890.07,1
TRANSFER,112668.54,112668.54,0,0,0,1
CASH_OUT,112668.54,112668.54,0,0,112668.54,1
TRANSFER,967153.5,967153.5,0,0,0,1
CASH_OUT,967153.5,967153.5,0,183670.2,1150823.7,1
TRANSFER,592737.43,592737.43,0,0,0,1
CASH_OUT,592737.43,592737.43,0,163646.39,756383.82,1
TRANSFER,202887.77,202887.77,0,0,0,1
CASH_OUT,202887.77,202887.77,0,0,202887.77,1
TRANSFER,339275.64,339275.64,0,0,0,1
CASH_OUT,339275.64,339275.64,0,1481576.03,1820851.68,1
TRANSFER,115881.21,115881.21,0,0,0,1
CASH_OUT,115881.21,115881.21,0,4774288.04,4890169.26,1
TRANSFER,1398946.33,1398946.33,0,0,0,1
CASH_OUT,1398946.33,1398946.33,0,0,1398946.33,1
TRANSFER,1170282.92,1170282.92,0,0,0,1
CASH_OUT,1170282.92,1170282.92,0,173264.14,1343547.06,1
TRANSFER,567932.31,567932.31,0,0,0,1
CASH_OUT,567932.31,567932.31,0,0,567932.31,1
TRANSFER,361460.79,361460.79,0,0,0,1
CASH_OUT,361460.79,361460.79,0,991487.78,1352948.57,1
TRANSFER,7484125.12,7484125.12,0,0,0,1
CASH_OUT,7484125.12,7484125.12,0,62896.23,7547021.36,1
TRANSFER,1093155.19,1093155.19,0,0,0,1
CASH_OUT,1093155.19,1093155.19,0,1966451.64,3059606.83,1
TRANSFER,128426.58,128426.58,0,0,0,1
CASH_OUT,128426.58,128426.58,0,0,128426.58,1
TRANSFER,969259.07,969259.07,0,0,0,1
CASH_OUT,969259.07,969259.07,0,85723.45,1054982.52,1
TRANSFER,1631640.02,1631640.02,0,0,0,1
CASH_OUT,1631640.02,1631640.02,0,705298.87,2336938.89,1
TRANSFER,99139.27,99139.27,0,0,0,1
CASH_OUT,99139.27,99139.27,0,28766.55,127905.82,1
TRANSFER,6215.44,6215.44,0,0,0,1
CASH_OUT,6215.44,6215.44,0,191197.42,197412.85,1
TRANSFER,3640271.29,3640271.29,0,0,0,1
CASH_OUT,3640271.29,3640271.29,0,6525.95,3646797.25,1
TRANSFER,931684.75,931684.75,0,0,0,1
CASH_OUT,931684.75,931684.75,0,3608144.66,4539829.41,1
TRANSFER,1350574.58,1350574.58,0,0,0,1
CASH_OUT,1350574.58,1350574.58,0,2925591.98,4276166.57,1
TRANSFER,438224.6,438224.6,0,0,0,1
CASH_OUT,438224.6,438224.6,0,320697.46,758922.05,1
TRANSFER,760625.76,760625.76,0,0,0,1
CASH_OUT,760625.76,760625.76,0,128272.02,888897.78,1
TRANSFER,309254.05,309254.05,0,0,0,1
CASH_OUT,309254.05,309254.05,0,218535.44,527789.5,1
TRANSFER,283400.42,283400.42,0,0,0,1
CASH_OUT,283400.42,283400.42,0,2662439.92,2945840.34,1
TRANSFER,109028.8,109028.8,0,0,0,1
CASH_OUT,109028.8,109028.8,0,674110.57,783139.37,1
TRANSFER,854550.85,854550.85,0,0,0,1
CASH_OUT,854550.85,854550.85,0,186808.48,1041359.33,1
TRANSFER,167715.53,167715.53,0,0,0,1
CASH_OUT,167715.53,167715.53,0,492360.21,660075.73,1
TRANSFER,1932200.59,1932200.59,0,0,0,1
CASH_OUT,1932200.59,1932200.59,0,0,1932200.59,1
TRANSFER,829885.13,829885.13,0,0,0,1
CASH_OUT,829885.13,829885.13,0,1.327646212E7,1.410634725E7,1
TRANSFER,42789.93,42789.93,0,0,0,1
CASH_OUT,42789.93,42789.93,0,0,42789.93,1
TRANSFER,136562.78,136562.78,0,0,0,1
CASH_OUT,136562.78,136562.78,0,21100.34,157663.12,1
TRANSFER,82767.31,82767.31,0,0,0,1
CASH_OUT,82767.31,82767.31,0,401173.22,483940.53,1
TRANSFER,2776135.33,2776135.33,0,0,0,1
CASH_OUT,2776135.33,2776135.33,0,0,2776135.33,1
TRANSFER,4243468.19,4243468.19,0,0,0,1
CASH_OUT,4243468.19,4243468.19,0,698483.22,4941951.41,1
TRANSFER,530733.43,530733.43,0,0,0,1
CASH_OUT,530733.43,530733.43,0,233066.99,763800.42,1
TRANSFER,325242.69,325242.69,0,0,0,1
CASH_OUT,325242.69,325242.69,0,910845.46,1236088.15,1
TRANSFER,157610.11,157610.11,0,0,0,1
CASH_OUT,157610.11,157610.11,0,949587.48,1107197.59,1
TRANSFER,354441.19,354441.19,0,0,0,1
CASH_OUT,354441.19,354441.19,0,452296.45,806737.65,1
TRANSFER,1014816.16,1014816.16,0,0,0,1
CASH_OUT,1014816.16,1014816.16,0,1417511.04,2432327.2,1
TRANSFER,246938.77,246938.77,0,0,0,1
CASH_OUT,246938.77,246938.77,0,0,246938.77,1
TRANSFER,561948.38,561948.38,0,0,0,1
CASH_OUT,561948.38,561948.38,0,30911.97,592860.35,1
TRANSFER,106673.26,106673.26,0,0,0,1
CASH_OUT,106673.26,106673.26,0,0,106673.26,1
TRANSFER,6501303.14,6501303.14,0,0,0,1
CASH_OUT,6501303.14,6501303.14,0,4439499.5,1.094080264E7,1
TRANSFER,3156421.43,3156421.43,0,0,0,1
CASH_OUT,3156421.43,3156421.43,0,181440.45,3337861.88,1
TRANSFER,1789155.73,1789155.73,0,0,0,1
CASH_OUT,1789155.73,1789155.73,0,2031388.61,3820544.34,1
TRANSFER,456745.18,456745.18,0,0,0,1
CASH_OUT,456745.18,456745.18,0,0,456745.18,1
TRANSFER,7108914.22,7108914.22,0,0,0,1
CASH_OUT,7108914.22,7108914.22,0,0,7108914.22,1
TRANSFER,109525.67,109525.67,0,0,0,1
CASH_OUT,109525.67,109525.67,0,3997342.61,4106868.28,1
TRANSFER,378688.65,378688.65,0,0,0,1
CASH_OUT,378688.65,378688.65,0,0,378688.65,1
TRANSFER,394388.09,394388.09,0,0,0,1
CASH_OUT,394388.09,394388.09,0,1260564.49,1654952.58,1
TRANSFER,3904257.51,3904257.51,0,0,0,1
CASH_OUT,3904257.51,3904257.51,0,0,3904257.51,1
TRANSFER,3857176.83,3857176.83,0,0,0,1
CASH_OUT,3857176.83,3857176.83,0,228541.62,4085718.45,1
TRANSFER,21174.45,21174.45,0,0,0,1
CASH_OUT,21174.45,21174.45,0,31409.08,52583.53,1
TRANSFER,192765.49,192765.49,0,0,0,1
CASH_OUT,192765.49,192765.49,0,3252407.57,3445173.06,1
TRANSFER,1011606.26,1011606.26,0,0,0,1
CASH_OUT,1011606.26,1011606.26,0,0,1011606.26,1
TRANSFER,2050727.81,2050727.81,0,0,0,1
CASH_OUT,2050727.81,2050727.81,0,0,2050727.81,1
TRANSFER,9748.89,9748.89,0,0,0,1
CASH_OUT,9748.89,9748.89,0,180869.12,190618.01,1
TRANSFER,44733.5,44733.5,0,0,0,1
CASH_OUT,44733.5,44733.5,0,2534461.11,2579194.61,1
TRANSFER,1367340.03,1367340.03,0,0,0,1
CASH_OUT,1367340.03,1367340.03,0,296833.6,1664173.63,1
TRANSFER,1026208.84,1026208.84,0,0,0,1
CASH_OUT,1026208.84,1026208.84,0,353447.51,1379656.35,1
TRANSFER,40486.25,40486.25,0,0,0,1
CASH_OUT,40486.25,40486.25,0,4716889.9,4757376.15,1
TRANSFER,89014.32,89014.32,0,0,0,1
CASH_OUT,89014.32,89014.32,0,330651.68,419666,1
TRANSFER,45807.51,45807.51,0,0,0,1
CASH_OUT,45807.51,45807.51,0,267824.05,313631.56,1
TRANSFER,742973.53,742973.53,0,0,0,1
CASH_OUT,742973.53,742973.53,0,0,742973.53,1
TRANSFER,581421.85,581421.85,0,0,0,1
CASH_OUT,581421.85,581421.85,0,407848.96,989270.81,1
TRANSFER,475368.94,475368.94,0,0,0,1
CASH_OUT,475368.94,475368.94,0,1348026.73,1823395.67,1
TRANSFER,1735466.52,1735466.52,0,0,0,1
CASH_OUT,1735466.52,1735466.52,0,0,1735466.52,1
TRANSFER,37720.99,37720.99,0,0,0,1
CASH_OUT,37720.99,37720.99,0,288804.07,326525.06,1
TRANSFER,1372301.24,1372301.24,0,0,0,1
CASH_OUT,1372301.24,1372301.24,0,0,1372301.24,1
TRANSFER,332138.32,332138.32,0,0,0,1
CASH_OUT,332138.32,332138.32,0,52021.34,384159.66,1
TRANSFER,55062.46,55062.46,0,0,0,1
CASH_OUT,55062.46,55062.46,0,0,55062.46,1
TRANSFER,1155128.91,1155128.91,0,0,0,1
CASH_OUT,1155128.91,1155128.91,0,0,1155128.91,1
TRANSFER,401529.35,401529.35,0,0,0,1
CASH_OUT,401529.35,401529.35,0,4162.42,405691.77,1
TRANSFER,722380.88,722380.88,0,0,0,1
CASH_OUT,722380.88,722380.88,0,331969.08,1054349.95,1
TRANSFER,724414.43,724414.43,0,0,0,1
CASH_OUT,724414.43,724414.43,0,223853.38,948267.81,1
TRANSFER,407833.62,407833.62,0,0,0,1
CASH_OUT,407833.62,407833.62,0,0,407833.62,1
TRANSFER,148188.84,148188.84,0,0,0,1
CASH_OUT,148188.84,148188.84,0,194134.25,342323.08,1
TRANSFER,1693962.01,1693962.01,0,0,0,1
CASH_OUT,1693962.01,1693962.01,0,98505.53,1792467.54,1
TRANSFER,14017.38,14017.38,0,0,0,1
CASH_OUT,14017.38,14017.38,0,0,14017.38,1
TRANSFER,197226.65,197226.65,0,0,0,1
CASH_OUT,197226.65,197226.65,0,0,197226.65,1
TRANSFER,31574.65,31574.65,0,0,0,1
CASH_OUT,31574.65,31574.65,0,199385.83,230960.48,1
TRANSFER,37796.75,37796.75,0,0,0,1
CASH_OUT,37796.75,37796.75,0,211905.39,249702.14,1
TRANSFER,17051.69,17051.69,0,0,0,1
CASH_OUT,17051.69,17051.69,0,289129.2,306180.89,1
TRANSFER,960306.85,960306.85,0,0,0,1
CASH_OUT,960306.85,960306.85,0,0,960306.85,1
TRANSFER,3097121.75,3097121.75,0,0,0,1
CASH_OUT,3097121.75,3097121.75,0,0,3097121.75,1
TRANSFER,436317.49,436317.49,0,0,0,1
CASH_OUT,436317.49,436317.49,0,195948.3,632265.79,1
TRANSFER,104957.85,104957.85,0,0,0,1
CASH_OUT,104957.85,104957.85,0,29237.79,134195.64,1
TRANSFER,841052.98,841052.98,0,0,0,1
CASH_OUT,841052.98,841052.98,0,0,841052.98,1
TRANSFER,1814483.97,1814483.97,0,0,0,1
CASH_OUT,1814483.97,1814483.97,0,0,1814483.97,1
TRANSFER,701168.78,701168.78,0,0,0,1
CASH_OUT,701168.78,701168.78,0,841462.58,1542631.35,1
TRANSFER,446032.95,446032.95,0,0,0,1
CASH_OUT,446032.95,446032.95,0,205977.41,652010.36,1
TRANSFER,385556.82,385556.82,0,0,0,1
CASH_OUT,385556.82,385556.82,0,60032.11,445588.93,1
TRANSFER,3760068.04,3760068.04,0,0,0,1
CASH_OUT,3760068.04,3760068.04,0,622555.65,4382623.69,1
TRANSFER,1282971.57,1282971.57,0,0,0,1
CASH_OUT,1282971.57,1282971.57,0,392604.6,1675576.17,1
TRANSFER,881811.11,881811.11,0,0,0,1
CASH_OUT,881811.11,881811.11,0,141736.75,1023547.85,1
TRANSFER,174923.28,174923.28,0,0,0,1
CASH_OUT,174923.28,174923.28,0,0,174923.28,1
TRANSFER,403975.39,403975.39,0,0,0,1
CASH_OUT,403975.39,403975.39,0,0,403975.39,1
TRANSFER,126690.14,126690.14,0,0,0,1
CASH_OUT,126690.14,126690.14,0,353834.29,480524.43,1
TRANSFER,215.83,215.83,0,0,0,1
CASH_OUT,215.83,215.83,0,3563442.24,3563658.07,1
TRANSFER,548269.98,548269.98,0,0,0,1
CASH_OUT,548269.98,548269.98,0,0,548269.98,1
TRANSFER,150405.2,150405.2,0,0,0,1
CASH_OUT,150405.2,150405.2,0,170707.62,321112.82,1
TRANSFER,813133.35,813133.35,0,0,0,1
CASH_OUT,813133.35,813133.35,0,0,813133.35,1
TRANSFER,2096634.43,2096634.43,0,0,0,1
CASH_OUT,2096634.43,2096634.43,0,183429.98,2280064.41,1
TRANSFER,272791.44,272791.44,0,0,0,1
CASH_OUT,272791.44,272791.44,0,715267.02,988058.46,1
TRANSFER,7169129.94,7169129.94,0,0,0,1
CASH_OUT,7169129.94,7169129.94,0,0,7169129.94,1
TRANSFER,107188.41,107188.41,0,0,0,1
CASH_OUT,107188.41,107188.41,0,696135.43,803323.83,1
TRANSFER,3444943.59,3444943.59,0,0,0,1
CASH_OUT,3444943.59,3444943.59,0,217174.65,3662118.24,1
TRANSFER,126715.84,126715.84,0,0,0,1
CASH_OUT,126715.84,126715.84,0,273157.93,399873.77,1
TRANSFER,4631432.03,4631432.03,0,0,0,1
CASH_OUT,4631432.03,4631432.03,0,122727.22,4754159.25,1
TRANSFER,2322909.69,2322909.69,0,0,0,1
CASH_OUT,2322909.69,2322909.69,0,875613.05,3198522.74,1
TRANSFER,79441.66,79441.66,0,0,0,1
CASH_OUT,79441.66,79441.66,0,2051790.44,2131232.1,1
TRANSFER,1028326.5,1028326.5,0,0,0,1
CASH_OUT,1028326.5,1028326.5,0,0,1028326.5,1
TRANSFER,42513.08,42513.08,0,0,0,1
CASH_OUT,42513.08,42513.08,0,0,42513.08,1
TRANSFER,106460.7,106460.7,0,0,0,1
CASH_OUT,106460.7,106460.7,0,1414263.15,1520723.84,1
TRANSFER,915266.65,915266.65,0,0,0,1
CASH_OUT,915266.65,915266.65,0,2415414.35,3330681,1
TRANSFER,5800988.12,5800988.12,0,0,0,1
CASH_OUT,5800988.12,5800988.12,0,0,5800988.12,1
TRANSFER,1858515.57,1858515.57,0,0,0,1
CASH_OUT,1858515.57,1858515.57,0,887595.71,2746111.29,1
TRANSFER,3512572.72,3512572.72,0,0,0,1
CASH_OUT,3512572.72,3512572.72,0,111846.62,3624419.34,1
TRANSFER,374178.28,374178.28,0,0,0,1
CASH_OUT,374178.28,374178.28,0,616364.57,990542.85,1
TRANSFER,2026529.56,2026529.56,0,0,0,1
CASH_OUT,2026529.56,2026529.56,0,511526.05,2538055.62,1
TRANSFER,13890.42,13890.42,0,0,0,1
CASH_OUT,13890.42,13890.42,0,0,13890.42,1
TRANSFER,281743.12,281743.12,0,0,0,1
CASH_OUT,281743.12,281743.12,0,158099.98,439843.09,1
TRANSFER,157494.6,157494.6,0,0,0,1
CASH_OUT,157494.6,157494.6,0,509029.31,666523.92,1
TRANSFER,19776.71,19776.71,0,0,0,1
CASH_OUT,19776.71,19776.71,0,1138941.53,1158718.24,1
TRANSFER,271731.05,271731.05,0,0,0,1
CASH_OUT,271731.05,271731.05,0,0,271731.05,1
TRANSFER,7728992.56,7728992.56,0,0,0,1
CASH_OUT,7728992.56,7728992.56,0,340622.45,8069615,1
TRANSFER,175328.85,175328.85,0,0,0,1
CASH_OUT,175328.85,175328.85,0,110129.95,285458.8,1
TRANSFER,353313.55,353313.55,0,0,0,1
CASH_OUT,353313.55,353313.55,0,2808260.05,3161573.6,1
TRANSFER,582571.87,582571.87,0,0,0,1
CASH_OUT,582571.87,582571.87,0,0,582571.87,1
TRANSFER,2960254.17,2960254.17,0,0,0,1
CASH_OUT,2960254.17,2960254.17,0,620822.89,3581077.07,1
TRANSFER,5521483.54,5521483.54,0,0,0,1
CASH_OUT,5521483.54,5521483.54,0,5527212.34,1.104869588E7,1
TRANSFER,2147778.33,2147778.33,0,0,0,1
CASH_OUT,2147778.33,2147778.33,0,0,2147778.33,1
TRANSFER,967954.01,967954.01,0,0,0,1
CASH_OUT,967954.01,967954.01,0,0,967954.01,1
TRANSFER,266766.78,266766.78,0,0,0,1
CASH_OUT,266766.78,266766.78,0,0,266766.78,1
TRANSFER,1036789.41,1036789.41,0,0,0,1
CASH_OUT,1036789.41,1036789.41,0,523315.63,1560105.04,1
TRANSFER,167067.78,167067.78,0,0,0,1
CASH_OUT,167067.78,167067.78,0,169160.19,336227.97,1
TRANSFER,322113.91,322113.91,0,0,0,1
CASH_OUT,322113.91,322113.91,0,0,322113.91,1
TRANSFER,91691.75,91691.75,0,0,0,1
CASH_OUT,91691.75,91691.75,0,329117.96,420809.71,1
TRANSFER,1871553.73,1871553.73,0,0,0,1
CASH_OUT,1871553.73,1871553.73,0,0,1871553.73,1
TRANSFER,2949339.09,2949339.09,0,0,0,1
CASH_OUT,2949339.09,2949339.09,0,167663.32,3117002.41,1
TRANSFER,479892.04,479892.04,0,0,0,1
CASH_OUT,479892.04,479892.04,0,1600079.29,2079971.33,1
TRANSFER,304085.48,304085.48,0,0,0,1
CASH_OUT,304085.48,304085.48,0,152325.14,456410.63,1
TRANSFER,14385.54,14385.54,0,0,0,1
CASH_OUT,14385.54,14385.54,0,28309.09,42694.63,1
TRANSFER,62091.44,62091.44,0,0,0,1
CASH_OUT,62091.44,62091.44,0,6296058.91,6358150.35,1
TRANSFER,386996.34,386996.34,0,0,0,1
CASH_OUT,386996.34,386996.34,0,512943.11,899939.45,1
TRANSFER,345526.4,345526.4,0,0,0,1
CASH_OUT,345526.4,345526.4,0,210291.99,555818.38,1
TRANSFER,2947783.87,2947783.87,0,0,0,1
CASH_OUT,2947783.87,2947783.87,0,353246.54,3301030.4,1
TRANSFER,730574.39,730574.39,0,0,0,1
CASH_OUT,730574.39,730574.39,0,183897.18,914471.57,1
TRANSFER,3786438.03,3786438.03,0,0,0,1
CASH_OUT,3786438.03,3786438.03,0,84013.26,3870451.29,1
TRANSFER,622235.32,622235.32,0,0,0,1
CASH_OUT,622235.32,622235.32,0,3377968.96,4000204.28,1